Class,H_len,H_upp_len,H_dot,H_com,H_lt,CC_exists,S_len,S_upp_len,S_emoji_has,S_lit_has,S_percent_has,S_dollar_has,S_euro_has,S_excl_has,S_dot_has,S_bold_has,S_quote_count,S_dot_count,S_dash_count,S_excl_count,Time_minutes_past,B_len,B_upp_len,B_emoji_has,B_lit_has,B_percent_has,B_dollar_has,B_euro_has,B_excl_has,B_dot_has,B_bold_has,B_quote_count,B_dot_count,B_dash_count,B_excl_count,B_subscribe_has,B_https_has,B_html_has,B_tag_len
0,48,0.1,0,1,0,0,18,0,1,0,0,0,0,1,0,0,0,0,0,1,9.5,75383,0,1,0,1,0,0,1,1,0,3.01,0.26,2.33,0.23,1,1,0,1.66
0,37,0.03,0,1,0,0,14,0,0,0,0,0,0,0,0,0,0,0,0,0,29.12,5464,0,0,0,1,0,0,1,1,0,2.71,1.1,1.63,0.02,0,1,1,1.5
0,39,0.05,0,1,0,0,47,0,0,0,0,0,0,0,0,0,0,0,0,0,9.57,343074,0,1,1,1,1,0,1,1,0,0.84,0.66,0.8,0.66,0,1,0,0.82
0,42,0.14,0,0,1,0,32,0,0,1,0,0,0,0,0,0,0,0,0,0,28.28,10915,0,1,1,1,1,0,1,1,0,0.42,0.17,2.6,0.86,0,0,1,0.6
0,17,0.0,0,0,0,0,28,0,0,0,0,0,0,1,0,0,0,0,0,1,0.32,5081,0,0,0,1,0,0,1,1,0,1.85,1.1,1.36,0.04,0,1,1,1.63
0,31,0.13,0,0,1,0,15,0,0,0,0,0,0,0,0,0,0,0,0,0,0.3,3088,0,0,0,0,0,0,1,1,0,0.71,1.59,0.81,0.06,0,1,0,0.97
0,35,0.09,0,0,0,0,35,0,0,0,0,0,0,0,1,0,0,1,0,0,0.85,17101,0,0,0,1,0,0,1,1,0,2.62,0.58,1.9,0.3,0,1,1,1.13
0,19,0.0,0,1,0,0,104,0,0,0,0,0,0,0,1,0,0,2,1,0,6.72,34096,0,0,0,1,0,0,1,1,0,2.28,0.71,2.43,0.31,1,1,0,1.27
0,19,0.0,0,1,0,0,136,0,0,0,0,0,0,0,1,0,0,2,2,0,4.63,37726,0,0,0,1,0,0,1,1,0,2.21,0.68,2.36,0.28,1,1,0,1.27
0,19,0.0,0,1,0,0,108,0,0,0,0,0,0,0,1,0,0,2,1,0,2.85,34106,0,0,0,1,0,0,1,1,0,2.28,0.71,2.43,0.31,1,1,0,1.27
0,48,0.04,0,0,1,0,45,0,0,0,0,0,0,0,0,0,0,0,0,0,0.63,15287,0,0,1,1,0,0,1,1,0,2.33,0.73,2.09,0.05,0,1,0,1.89
0,19,0.0,0,1,0,0,106,0,0,0,0,0,0,0,1,0,0,2,1,0,13.1,33926,0,0,0,1,0,0,1,1,0,2.29,0.71,2.44,0.31,1,1,0,1.28
0,39,0.05,0,1,0,1,49,0,0,0,0,0,0,0,0,0,0,0,0,0,25.87,9608,0,0,0,1,0,0,1,1,0,2.89,0.49,1.79,0.02,0,1,0,3.39
0,19,0.0,0,1,0,0,98,0,0,0,0,0,0,0,1,0,0,2,1,0,11.58,34081,0,0,0,1,0,0,1,1,0,2.28,0.71,2.43,0.31,1,1,0,1.27
0,29,0.03,0,0,1,0,24,0,0,1,0,0,0,0,0,0,0,0,0,0,26.68,2715,0,0,1,0,0,0,1,1,0,1.92,1.29,1.25,0.18,0,1,1,1.62
0,46,0.04,0,1,0,0,32,0,0,1,0,0,0,0,0,0,0,0,0,0,13.7,71355,0,0,1,1,0,0,1,1,0,1.57,0.49,3.3,0.11,0,1,1,1.15
0,29,0.03,0,0,1,0,30,0,0,0,0,0,0,0,0,0,0,0,0,0,22.65,2742,0,0,1,0,0,0,1,1,0,1.9,1.13,1.39,0.11,0,1,1,2.01
0,29,0.03,0,0,1,0,30,0,0,0,0,0,0,0,0,0,0,0,0,0,22.65,2742,0,0,1,0,0,0,1,1,0,1.9,1.13,1.39,0.11,0,1,1,2.01
0,46,0.04,0,1,0,0,31,0,0,1,0,0,0,0,0,0,0,0,1,0,12.2,74429,0,0,1,1,0,1,1,1,0,1.61,0.49,3.13,0.11,0,1,1,1.1
0,48,0.1,0,1,0,0,25,0,1,0,0,0,0,1,0,0,0,0,0,1,22.1,68687,0,1,0,1,0,0,1,1,0,2.83,0.25,2.27,0.23,1,1,0,1.6
0,39,0.03,0,0,0,0,40,0,1,0,0,0,0,0,1,0,0,3,0,0,29.53,26158,0,1,0,1,0,0,1,1,0,2.0,0.42,1.69,0.19,1,1,0,1.4
0,55,0.07,0,1,0,0,65,0,0,0,0,0,0,0,0,0,0,0,0,0,27.73,149800,0,1,0,1,0,0,1,1,0,1.47,0.45,4.19,0.04,1,1,0,0.62
0,43,0.05,0,0,0,0,33,0,0,0,0,0,0,1,0,0,0,0,0,1,5.93,51715,0,0,0,1,0,1,1,1,0,3.69,0.53,3.04,0.38,0,1,0,1.85
0,55,0.07,0,1,0,0,41,0,0,0,0,0,0,0,0,0,0,0,0,0,26.23,24819,0,0,0,1,1,0,1,1,0,3.83,0.6,1.49,0.31,1,1,1,1.85
0,48,0.1,0,1,0,0,41,0,1,0,0,0,0,0,0,0,0,0,0,0,8.15,58564,0,1,0,1,0,0,1,1,0,2.64,0.28,2.26,0.23,1,1,0,1.52
0,30,0.03,0,1,0,0,30,0,0,0,0,0,0,0,1,0,0,1,0,0,13.03,143794,0,1,0,1,0,0,1,1,0,1.24,0.32,1.19,0.29,1,1,1,0.65
0,55,0.07,0,1,0,0,65,0,0,0,0,0,0,0,0,0,0,0,0,0,27.77,149690,0,1,0,1,0,0,1,1,0,1.47,0.45,4.2,0.04,1,1,0,0.62
0,50,0.04,0,1,0,0,61,0,0,0,0,0,0,0,0,0,0,0,1,0,15.1,81130,0,0,0,1,0,0,1,1,0,1.38,0.33,2.84,0.06,1,1,1,0.6
0,35,0.09,0,0,0,0,35,0,0,0,0,0,0,0,1,0,0,1,0,0,29.67,17113,0,0,0,1,0,0,1,1,0,2.62,0.58,1.93,0.3,0,1,1,1.13
0,91,0.04,0,1,0,0,44,0,0,0,0,0,0,0,0,0,0,0,0,0,12.4,4894,0,0,0,1,0,0,0,1,0,2.25,0.8,1.33,0.0,1,1,1,1.59
0,44,0.05,0,1,0,0,46,0,0,0,0,0,0,0,0,0,0,0,0,0,7.9,16043,0,0,0,1,0,0,1,1,0,3.54,0.7,1.17,0.09,1,1,1,2.22
0,48,0.1,0,1,0,0,28,0,1,0,0,0,0,0,0,0,0,0,0,0,5.83,83568,0,1,0,1,0,0,1,1,0,3.1,0.22,2.34,0.23,1,1,0,1.68
0,41,0.05,0,1,0,0,38,0,0,0,0,0,0,0,0,0,0,0,0,0,8.17,3567,0,0,0,1,0,0,0,1,0,2.86,0.81,1.51,0.0,1,1,0,1.93
0,29,0.03,0,0,1,0,24,0,0,1,0,0,0,0,0,0,0,0,0,0,29.25,2713,0,0,1,0,0,0,1,1,0,1.92,1.29,1.25,0.18,0,1,1,1.62
0,43,0.05,0,0,0,0,33,0,0,0,0,0,0,1,0,0,0,0,0,1,28.38,60879,0,0,0,1,0,0,1,1,0,3.8,0.46,3.22,0.37,0,1,0,1.88
0,42,0.05,0,1,0,0,20,0,0,0,0,0,0,0,0,0,0,0,0,0,0.0,42150,0,0,0,1,0,0,1,1,0,2.33,0.29,2.31,0.09,1,1,1,1.44
0,33,0.12,0,1,0,0,53,0,0,0,0,0,0,0,0,0,0,0,0,0,20.6,69352,0,0,0,1,1,0,1,1,0,0.95,0.35,1.86,0.23,1,1,0,1.24
0,35,0.06,0,1,0,0,96,0,0,0,0,0,0,0,1,0,0,2,0,0,22.55,37037,0,1,0,1,0,0,1,1,0,1.65,0.18,3.51,0.34,0,1,1,0.77
0,39,0.05,0,1,0,0,24,0,0,0,0,0,0,0,0,0,0,0,0,0,9.75,315,0,0,0,0,0,0,0,1,0,3.17,0.95,0.95,0.0,0,1,1,4.76
0,57,0.11,0,1,0,0,41,0,0,0,0,0,0,1,0,0,0,0,0,1,10.62,52191,0,0,0,1,1,0,1,1,0,4.45,0.49,1.75,0.16,1,1,1,2.03
0,48,0.1,0,1,0,0,78,0,1,0,0,0,0,1,0,0,0,0,1,1,19.1,71353,0,1,0,1,0,0,1,1,0,3.01,0.25,2.32,0.25,1,1,0,1.66
0,39,0.05,0,1,0,0,38,0,0,0,0,0,0,0,0,0,0,0,1,0,26.98,847,0,0,0,0,0,0,1,1,0,0.47,0.94,0.47,0.47,0,1,0,3.66
0,35,0.09,0,0,0,0,35,0,0,0,0,0,0,0,1,0,0,1,0,0,19.63,17097,0,0,0,1,0,0,1,1,0,2.62,0.58,1.89,0.3,0,1,1,1.13
0,67,0.09,0,1,0,0,37,0,0,0,0,0,0,0,0,0,0,0,0,0,5.63,22268,0,0,0,1,1,0,1,1,0,3.91,0.57,1.55,0.33,1,1,1,1.94
0,41,0.02,0,1,0,0,62,0,0,0,0,0,0,0,0,0,0,0,0,0,1.67,24374,0,0,0,1,0,0,1,1,0,2.19,0.65,1.43,0.07,1,1,1,1.3
0,41,0.05,0,1,0,0,38,0,0,0,0,0,0,0,0,0,0,0,0,0,19.75,3567,0,0,0,1,0,0,0,1,0,2.86,0.81,1.63,0.0,1,1,0,1.93
0,55,0.05,0,1,0,0,30,0,1,0,0,0,0,0,0,0,0,0,0,0,3.18,40222,0,0,0,1,0,0,1,1,0,0.7,0.77,1.88,0.56,1,1,0,1.33
0,33,0.12,0,1,0,0,44,0,0,0,0,0,0,0,0,0,0,0,0,0,28.7,43934,0,0,0,1,1,0,1,1,0,0.85,0.45,1.77,0.24,1,1,0,1.16
0,50,0.04,0,1,0,0,36,0,0,0,0,0,0,0,1,0,0,1,0,0,7.37,53399,0,0,0,1,0,0,1,1,0,1.63,0.31,2.63,0.08,1,1,1,0.88
0,48,0.1,0,1,0,0,47,0,1,0,0,0,0,1,1,0,0,3,0,1,14.13,83808,0,1,0,1,1,0,1,1,0,3.06,0.24,2.37,0.24,1,1,0,1.7
0,37,0.03,0,1,0,0,14,0,0,0,0,0,0,0,0,0,0,0,0,0,27.05,5478,0,0,0,1,0,0,1,1,0,2.7,1.1,1.7,0.02,0,1,1,1.5
0,67,0.09,0,1,0,0,38,0,0,0,0,0,0,0,0,0,0,0,0,0,10.53,22680,0,0,0,1,1,0,1,1,0,3.86,0.56,1.42,0.34,1,1,1,1.92
0,43,0.05,0,0,0,0,53,0,0,0,0,0,0,0,1,0,0,1,0,0,2.18,51141,0,0,0,1,0,0,1,1,0,3.72,0.51,3.1,0.38,0,1,0,1.85
0,29,0.03,0,1,0,0,42,0,0,0,1,0,0,0,0,0,0,0,0,0,12.92,104938,0,0,0,1,1,0,1,1,0,1.2,0.37,1.27,0.37,1,1,1,0.66
0,35,0.09,0,0,0,0,35,0,0,0,0,0,0,0,1,0,0,1,0,0,29.38,17125,0,0,0,1,0,0,1,1,0,2.62,0.58,1.91,0.3,0,1,1,1.13
0,48,0.1,0,1,0,0,45,0,1,0,0,0,0,1,0,0,0,0,0,1,16.13,70328,0,1,0,1,1,0,1,1,0,3.07,0.25,2.36,0.25,1,1,0,1.7
0,48,0.04,0,0,1,0,42,0,0,0,0,0,0,0,0,0,0,0,1,0,6.42,2426,0,1,1,1,0,0,1,1,0,1.24,1.32,0.66,0.16,0,1,1,3.05
0,30,0.0,0,1,0,0,51,0,0,0,0,0,0,0,0,0,0,0,0,0,15.53,16377,0,0,0,1,0,0,1,1,0,3.91,0.82,1.01,0.02,0,1,1,2.77
0,29,0.07,0,1,0,0,107,0,1,0,0,0,0,1,0,1,0,0,2,1,2.47,21526,0,1,0,1,0,0,1,1,1,1.95,0.7,3.6,1.0,0,1,0,0.98
0,28,0.04,0,1,0,0,30,0,0,1,0,0,0,0,0,0,0,0,0,0,21.45,1583,0,0,1,0,0,0,1,1,0,1.77,1.26,0.63,0.06,0,1,1,2.02
0,23,0.04,0,0,1,0,20,1,1,0,0,0,0,1,0,0,0,0,0,1,5.32,26066,0,1,1,1,0,0,1,1,0,2.88,0.53,1.32,0.34,0,1,0,1.25
0,48,0.04,0,0,1,0,20,0,0,0,0,0,0,0,0,0,0,0,1,0,14.77,10243,0,0,1,1,0,0,1,1,0,1.93,0.87,2.5,0.05,0,1,0,1.51
0,44,0.18,0,1,0,0,22,0,0,0,0,0,0,0,0,0,0,0,0,0,3.97,16641,0,0,0,1,0,0,1,1,0,1.21,0.24,1.84,0.07,1,1,1,1.05
0,51,0.06,0,1,0,0,45,0,0,0,0,0,0,0,0,0,0,0,0,0,23.55,16305,0,0,0,1,0,0,1,1,0,0.5,0.7,1.17,0.01,0,1,0,1.01
0,30,0.07,0,1,0,0,49,0,0,0,0,0,0,0,0,0,0,0,0,0,28.4,56317,0,1,0,1,1,0,1,1,0,0.74,0.39,1.75,0.2,1,1,0,1.15
0,35,0.09,0,0,0,0,35,0,0,0,0,0,0,0,1,0,0,1,0,0,17.53,17103,0,0,0,1,0,0,1,1,0,2.62,0.58,1.91,0.3,0,1,1,1.13
0,29,0.03,0,1,0,0,35,0,0,0,1,0,0,0,0,0,0,0,0,0,12.17,104503,0,0,0,1,1,0,1,1,0,1.22,0.37,1.26,0.37,1,1,1,0.65
0,35,0.06,0,1,0,0,83,0,0,0,0,0,0,0,1,0,0,2,0,0,1.62,37200,0,1,0,1,0,0,1,1,0,1.66,0.2,3.5,0.34,0,1,1,0.78
0,34,0.06,0,1,0,0,36,0,0,0,1,0,0,0,0,0,0,0,0,0,11.9,14381,0,0,0,1,0,0,1,1,0,1.4,0.31,1.25,0.29,1,1,1,1.17
0,39,0.03,0,1,0,0,26,0,0,0,0,0,0,0,0,0,0,0,0,0,25.62,528,0,0,0,1,0,0,1,1,0,0.0,1.14,1.14,0.19,1,1,0,0.0
0,33,0.06,0,1,0,0,21,0,0,0,0,0,0,1,0,0,0,0,0,1,6.8,6796,0,0,0,0,0,0,1,1,0,0.24,0.56,2.16,0.01,1,1,1,0.69
0,30,0.03,0,1,0,0,34,0,0,0,1,0,0,0,0,0,0,0,0,0,12.78,112402,0,0,0,1,1,0,1,1,0,1.23,0.35,1.23,0.35,1,1,1,0.66
0,46,0.04,0,1,0,0,31,0,0,1,0,0,0,0,0,0,0,0,1,0,8.07,62686,0,0,1,1,0,1,1,1,0,1.58,0.47,3.25,0.13,0,1,1,1.1
0,41,0.02,0,1,0,0,48,0,0,0,0,0,0,0,1,0,0,1,0,0,17.08,12081,0,0,0,1,0,0,1,1,0,2.83,0.93,1.09,0.14,1,1,1,1.57
0,33,0.06,0,1,0,0,22,0,0,0,0,0,0,0,0,0,0,0,0,0,6.92,4927,0,0,0,0,0,0,0,1,0,0.2,0.59,2.21,0.0,1,1,1,0.77
0,42,0.14,0,0,1,0,32,0,0,1,0,0,0,0,0,0,0,0,0,0,26.3,10472,0,1,1,1,0,0,1,1,0,0.45,0.16,2.22,0.61,0,0,1,0.62
0,32,0.03,0,1,0,0,17,0,0,0,0,0,0,0,0,0,0,0,0,0,16.22,78989,0,0,0,1,0,0,1,1,0,0.99,0.66,3.03,0.17,0,1,1,0.55
0,31,0.03,0,1,0,0,67,0,0,0,0,0,0,0,0,0,0,0,0,0,15.97,14258,0,0,0,1,0,0,1,1,0,1.67,0.41,1.24,0.2,0,1,1,1.07
0,28,0.04,0,1,0,0,20,0,0,0,0,0,0,0,0,0,0,0,0,0,0.48,13756,0,0,0,1,0,0,1,1,0,1.54,0.63,2.44,0.49,0,1,1,0.66
0,37,0.03,0,1,0,0,14,0,0,0,0,0,0,0,0,0,0,0,0,0,20.05,5501,0,0,0,1,0,0,1,1,0,2.69,1.09,1.65,0.02,0,1,1,1.49
0,54,0.04,0,0,1,0,39,0,0,0,0,0,0,0,0,0,0,0,0,0,22.48,987,0,0,1,0,0,0,0,1,0,3.44,1.72,0.71,0.0,0,1,1,4.15
0,48,0.1,0,1,0,0,43,0,1,0,0,0,0,0,0,0,0,0,0,0,17.58,74008,0,1,0,1,0,0,1,1,0,2.98,0.25,2.32,0.23,1,1,0,1.64
0,41,0.02,0,1,0,0,53,0,0,0,0,0,0,0,0,0,0,0,0,0,21.65,10374,0,0,0,1,0,0,1,1,0,4.49,0.68,1.17,0.14,0,1,1,2.29
0,41,0.02,0,1,0,0,53,0,0,0,0,0,0,0,0,0,0,0,0,0,21.8,10380,0,0,0,1,0,0,1,1,0,4.49,0.68,1.16,0.14,0,1,1,2.29
0,43,0.05,0,1,0,0,37,0,0,0,0,0,0,0,0,0,0,0,0,0,19.45,11856,0,0,0,1,0,0,1,1,0,1.96,0.91,3.21,0.65,1,1,1,1.37
0,35,0.09,0,0,0,0,35,0,0,0,0,0,0,0,1,0,0,1,0,0,19.62,17107,0,0,0,1,0,0,1,1,0,2.62,0.58,1.92,0.3,0,1,1,1.13
0,37,0.03,0,1,0,0,14,0,0,0,0,0,0,0,0,0,0,0,0,0,11.35,5501,0,0,0,1,0,0,1,1,0,2.69,1.09,1.69,0.02,0,1,1,1.49
0,37,0.03,0,1,0,0,14,0,0,0,0,0,0,0,0,0,0,0,0,0,10.93,5386,0,0,0,1,0,0,1,1,0,2.75,1.04,1.62,0.02,0,1,1,1.58
0,58,0.03,0,0,1,0,41,0,0,1,0,0,0,0,0,0,0,0,0,0,13.18,11597,0,1,1,1,0,0,1,1,0,2.85,0.85,1.88,0.02,0,1,0,1.96
0,33,0.06,0,1,0,0,32,0,0,0,0,0,0,0,0,0,0,0,0,0,7.05,5976,0,0,0,0,0,0,0,1,0,0.2,0.49,2.66,0.0,1,1,1,0.74
0,23,0.0,0,0,1,0,23,0,0,1,0,0,0,0,0,0,0,0,1,0,18.37,8956,0,0,1,1,0,1,1,1,0,1.85,1.07,2.1,0.31,0,1,1,1.13
0,42,0.05,0,1,0,0,26,0,0,0,0,0,0,0,0,0,0,0,0,0,24.58,21541,0,0,0,1,0,0,1,1,0,1.68,0.92,3.83,0.03,1,1,1,1.03
0,41,0.02,0,1,0,0,67,0,0,1,0,0,0,0,0,0,0,0,0,0,22.97,24431,0,0,1,1,0,0,1,1,0,2.19,0.68,1.42,0.07,1,1,1,1.3
0,20,0.0,0,1,0,0,19,0,0,0,0,0,0,0,0,0,0,0,1,0,2.82,6851,0,0,0,0,0,0,1,1,0,3.09,0.54,2.09,0.09,0,1,1,1.68
0,30,0.03,0,1,0,0,32,0,0,0,0,0,0,0,0,0,0,0,0,0,13.48,141974,0,0,0,1,0,0,1,1,0,1.22,0.31,1.2,0.3,1,1,1,0.64
0,38,0.05,0,1,0,0,116,0,0,1,0,0,0,0,1,0,0,2,1,0,25.43,34862,0,0,1,1,0,0,1,1,0,2.23,0.65,2.44,0.3,1,1,0,1.24
0,50,0.04,0,1,0,0,43,0,0,0,0,0,0,0,0,0,0,0,0,0,27.38,50355,0,0,0,1,0,0,1,1,0,1.34,0.31,2.55,0.08,1,1,1,0.69
0,33,0.06,0,1,0,0,31,0,0,0,0,0,0,0,0,0,0,0,0,0,7.05,6966,0,0,0,0,0,0,0,1,0,0.23,0.53,2.78,0.0,1,1,1,0.63
0,61,0.05,0,1,0,0,55,0,1,0,0,0,0,0,0,0,0,0,0,0,12.12,6955,0,0,0,1,0,0,1,1,0,0.89,0.53,1.96,0.1,0,1,0,1.39
0,44,0.07,0,1,0,0,46,0,0,0,0,0,0,0,0,0,0,0,0,0,0.52,13587,0,0,0,1,0,0,1,1,0,2.09,0.56,3.22,0.26,0,1,1,1.21
0,29,0.03,0,1,0,0,86,0,0,0,0,0,0,1,1,0,0,1,0,1,13.8,43975,0,0,0,1,0,0,1,1,0,2.55,0.23,2.3,0.38,1,1,0,1.58
0,35,0.06,0,1,0,0,25,0,0,0,0,0,0,0,0,0,0,0,0,0,15.5,7398,0,0,0,1,0,0,1,1,0,1.41,0.89,2.61,0.27,0,1,1,1.19
0,48,0.04,0,0,1,0,10,0,0,0,0,0,0,0,0,0,0,0,0,0,1.12,1867,0,1,1,0,0,0,1,1,0,2.25,0.8,2.41,0.27,0,0,1,1.87
0,48,0.04,0,0,1,0,14,0,0,0,0,0,0,0,0,0,0,0,0,0,8.12,3010,0,1,1,0,0,0,1,1,0,2.33,0.86,2.03,0.17,0,0,0,2.36
0,48,0.06,0,0,0,0,49,0,0,1,0,0,0,0,0,0,0,0,0,0,8.0,38118,0,1,1,1,1,0,1,1,0,1.9,0.63,0.91,0.71,0,1,1,1.41
0,29,0.03,0,1,0,0,52,0,0,0,0,0,0,0,0,0,0,0,0,0,3.4,23207,0,0,0,1,0,0,1,1,0,2.35,0.23,2.33,0.42,1,1,0,1.54
0,22,0.05,0,1,0,0,35,0,1,0,0,0,0,0,0,0,0,0,0,0,12.2,8809,0,1,0,1,0,0,1,1,0,2.75,0.57,1.24,0.01,1,1,1,1.4
0,35,0.09,0,0,0,0,35,0,0,0,0,0,0,0,1,0,0,1,0,0,17.32,17107,0,0,0,1,0,0,1,1,0,2.62,0.58,1.92,0.3,0,1,1,1.13
0,34,0.0,0,1,0,0,22,0,0,0,0,0,0,0,0,0,0,0,0,0,22.68,1516,0,1,0,0,0,0,1,1,0,0.92,1.65,0.13,0.13,0,0,0,1.98
0,24,0.04,0,0,0,0,24,0,0,1,0,0,0,1,0,0,0,0,0,1,5.52,9375,0,0,1,1,1,1,1,1,0,1.26,1.21,1.9,0.03,0,1,1,1.26
0,31,0.13,0,0,1,0,18,0,0,0,0,0,0,0,0,0,0,0,0,0,5.53,3036,0,0,1,1,0,0,0,1,0,0.79,1.68,0.72,0.0,0,1,0,1.05
0,55,0.07,0,1,0,0,65,0,0,0,0,0,0,0,0,0,0,0,0,0,27.73,123695,0,0,0,1,0,0,1,1,0,1.21,0.49,3.86,0.05,1,1,0,0.52
0,22,0.05,0,1,0,0,35,0,1,0,0,0,0,0,0,0,0,0,0,0,12.2,8905,0,1,0,1,0,0,1,1,0,2.78,0.61,1.22,0.01,1,1,1,1.39
0,43,0.05,0,0,0,0,33,0,0,0,0,0,0,0,0,0,0,0,0,0,2.98,43908,0,0,0,1,0,0,1,1,0,3.63,0.56,3.06,0.37,0,1,0,1.88
0,42,0.05,0,1,0,0,42,0,0,0,0,0,0,0,0,0,0,0,1,0,0.0,41603,0,0,0,1,0,0,1,1,0,2.2,0.33,2.43,0.11,1,1,1,1.33
0,36,0.03,0,0,0,0,19,0,1,1,0,0,0,0,0,0,0,0,0,0,10.92,119165,0,1,1,1,0,0,1,1,0,3.28,0.19,1.04,0.21,1,1,1,1.17
0,55,0.07,0,1,0,0,67,0,0,0,0,0,0,0,0,0,0,0,1,0,0.23,30488,0,0,0,1,1,0,1,1,0,4.12,0.54,1.53,0.25,1,1,1,2.0
0,54,0.04,0,0,1,0,43,0,0,0,0,0,0,0,0,0,0,0,0,0,23.22,7325,0,0,1,0,0,0,1,1,0,2.43,1.11,1.41,0.07,0,1,0,3.96
0,41,0.02,0,1,0,0,57,0,0,0,0,0,0,0,0,0,0,0,0,0,20.93,10379,0,0,0,1,0,0,1,1,0,4.49,0.68,1.16,0.14,0,1,1,2.29
0,50,0.04,0,1,0,0,103,0,0,0,0,0,0,0,0,0,0,0,0,0,3.95,84497,0,0,0,1,0,0,1,1,0,1.34,0.33,2.79,0.05,1,1,1,0.57
0,54,0.04,0,0,1,0,43,0,0,0,0,0,0,0,0,0,0,0,0,0,1.52,8715,0,1,1,1,0,0,1,1,0,2.18,1.04,1.14,0.01,0,1,1,3.19
0,23,0.04,0,1,0,0,16,0,0,0,0,0,0,1,0,0,0,0,0,1,21.83,18896,0,0,0,1,0,0,1,1,0,0.75,0.5,1.74,0.14,0,1,0,3.08
0,27,0.0,0,1,0,0,33,0,0,0,0,0,0,0,0,0,0,0,0,0,25.65,11302,0,0,0,1,0,0,1,1,0,2.55,0.58,2.9,0.09,0,1,1,1.43
0,55,0.07,0,1,0,0,61,0,0,0,0,0,0,0,0,0,0,0,0,0,27.72,124790,0,1,0,1,0,0,1,1,0,1.22,0.48,3.82,0.05,1,1,0,0.52
0,53,0.06,0,1,0,0,48,0,0,0,0,0,0,0,0,0,0,0,0,0,25.53,20809,0,0,0,1,0,0,1,1,0,0.7,0.61,1.88,0.31,1,1,0,1.48
0,39,0.03,0,1,0,0,30,0,0,0,0,0,0,0,0,0,0,0,0,0,25.7,11186,0,0,0,1,0,0,1,1,0,2.57,0.57,2.93,0.09,0,1,1,1.45
0,43,0.05,0,0,0,0,47,0,1,0,0,0,0,0,0,0,0,0,1,0,21.67,68586,0,1,0,1,0,0,1,1,0,3.74,0.49,3.15,0.36,0,1,0,1.87
0,44,0.05,0,1,0,0,38,0,0,1,0,0,0,0,0,0,0,0,0,0,18.07,15392,0,0,1,0,0,0,1,1,0,1.68,0.64,3.0,0.01,0,0,0,1.68
0,32,0.03,0,1,0,0,45,0,0,0,1,0,0,0,0,0,0,0,0,0,23.87,23521,0,0,0,1,0,1,1,1,0,0.78,0.85,2.78,0.06,0,1,1,0.42
0,49,0.04,0,1,0,0,14,0,0,0,0,0,0,0,0,0,0,0,0,0,22.13,170,0,0,1,0,0,0,0,1,0,1.18,1.18,0.0,0.0,0,0,0,1.18
0,26,0.04,0,1,0,0,33,0,0,1,0,0,0,0,0,0,0,0,0,0,10.37,8660,0,0,1,1,0,1,1,1,0,2.12,0.54,1.82,0.3,0,1,1,3.01
0,42,0.05,0,1,0,0,22,0,0,0,0,0,0,0,0,0,0,0,0,0,0.0,48478,0,0,0,1,0,0,1,1,0,2.49,0.26,2.27,0.08,1,1,1,1.57
0,37,0.03,0,1,0,0,14,0,0,0,0,0,0,0,0,0,0,0,0,0,2.98,5545,0,0,0,1,0,0,1,1,0,2.67,1.08,1.64,0.02,0,1,1,1.48
0,35,0.09,0,0,0,0,35,0,0,0,0,0,0,0,1,0,0,1,0,0,27.7,17109,0,0,0,1,0,0,1,1,0,2.62,0.58,1.92,0.3,0,1,1,1.13
0,28,0.04,0,1,0,0,42,0,0,0,0,0,0,0,0,0,0,0,0,0,0.25,13259,0,1,0,1,0,0,1,1,0,1.67,0.57,2.51,0.5,0,1,1,0.72
0,41,0.02,0,1,0,0,68,0,0,1,0,0,0,0,0,0,0,0,0,0,9.27,24475,0,0,1,1,0,0,1,1,0,2.18,0.65,1.45,0.07,1,1,1,1.3
0,28,0.04,0,1,0,0,42,0,0,0,0,0,0,0,0,0,0,0,0,0,7.95,13267,0,1,0,1,0,0,1,1,0,1.67,0.57,2.51,0.5,0,1,1,0.72
0,32,0.03,0,1,0,0,25,0,0,0,0,0,0,0,0,0,0,0,0,0,5.43,16925,0,0,0,1,0,1,1,1,0,2.75,0.64,2.18,0.14,0,1,1,1.65
0,54,0.04,0,0,1,0,43,0,0,0,0,0,0,0,0,0,0,0,0,0,7.45,18399,0,1,1,1,0,0,1,1,0,2.05,1.13,1.56,0.04,0,1,0,3.49
0,47,0.02,0,0,0,0,36,0,0,0,0,0,0,0,1,0,0,1,0,0,13.08,28304,0,0,0,1,0,1,1,1,0,3.16,0.59,2.93,0.42,0,1,0,1.71
0,37,0.03,0,1,0,0,14,0,0,0,0,0,0,0,0,0,0,0,0,0,7.45,5470,0,0,0,1,0,0,1,1,0,2.71,1.1,1.7,0.02,0,1,1,1.5
0,36,0.03,0,0,0,0,26,0,1,1,0,0,0,0,0,0,0,0,0,0,23.73,104981,0,1,1,1,0,0,1,1,0,3.2,0.21,1.06,0.22,1,1,1,1.16
0,24,0.04,0,0,0,0,24,0,0,1,0,0,0,1,0,0,0,0,0,1,1.07,9400,0,0,1,1,1,1,1,1,0,1.26,1.18,1.86,0.03,0,1,1,1.26
0,31,0.13,0,0,1,0,18,0,0,0,0,0,0,0,0,0,0,0,0,0,1.03,3036,0,0,1,1,0,0,0,1,0,0.79,1.68,0.72,0.0,0,1,0,1.05
0,48,0.04,0,1,0,0,35,0,1,0,0,0,0,0,0,0,0,0,0,0,25.42,41703,0,1,0,1,0,0,1,1,0,0.99,0.98,2.6,0.27,1,1,1,1.35
0,55,0.07,0,1,0,0,66,0,0,0,0,0,0,0,0,0,0,0,0,0,27.7,124310,0,0,0,1,0,0,1,1,0,1.23,0.48,3.83,0.05,1,1,0,0.52
0,24,0.04,0,0,0,0,24,0,0,1,0,0,0,1,0,0,0,0,0,1,5.65,9400,0,0,1,1,1,1,1,1,0,1.26,1.18,1.86,0.03,0,1,1,1.26
0,31,0.13,0,0,1,0,18,0,0,0,0,0,0,0,0,0,0,0,0,0,5.67,3036,0,0,1,1,0,0,0,1,0,0.79,1.68,0.72,0.0,0,1,0,1.05
0,32,0.03,0,1,0,0,33,0,0,0,0,0,0,0,0,0,0,0,0,0,22.67,123405,0,0,0,1,0,0,1,1,0,1.27,0.32,1.17,0.32,1,1,1,0.64
0,44,0.05,0,1,0,0,45,0,0,0,0,0,0,0,0,0,0,0,0,0,0.2,19443,0,0,0,1,0,0,1,1,0,0.56,0.45,1.76,0.29,0,1,1,1.36
0,31,0.03,0,1,0,0,24,0,0,0,0,0,0,0,0,0,0,0,0,0,6.37,11178,0,0,0,1,0,0,1,1,0,1.22,0.55,2.22,0.61,1,1,1,1.04
0,33,0.03,0,1,0,0,40,0,0,0,0,0,0,0,0,0,0,0,0,0,3.98,9493,0,0,0,1,0,0,1,1,0,1.6,0.45,1.32,0.12,0,1,1,1.67
0,33,0.03,0,1,0,0,31,0,0,0,0,0,0,0,0,0,0,0,0,0,3.08,10695,0,0,0,1,0,0,1,1,0,1.42,0.54,1.4,0.14,0,1,1,1.67
0,33,0.03,0,1,0,0,28,0,0,0,0,0,0,0,0,0,0,0,0,0,2.62,6788,0,0,0,1,0,0,1,1,0,1.5,0.43,1.58,0.18,0,1,1,1.49
0,50,0.04,0,1,0,0,36,0,0,0,0,0,0,0,1,0,0,1,0,0,27.83,53209,0,0,0,1,0,0,1,1,0,1.64,0.31,2.49,0.08,1,1,1,0.88
0,21,0.0,0,1,0,0,104,0,0,0,0,0,0,0,1,0,0,2,1,0,1.88,24078,0,0,0,1,0,0,1,1,0,2.2,0.84,2.5,0.38,1,1,0,1.33
0,31,0.03,0,1,0,0,24,0,0,0,0,0,0,0,0,0,0,0,0,0,13.42,11154,0,0,0,1,0,0,1,1,0,1.22,0.56,2.19,0.61,1,1,1,1.04
0,32,0.03,0,1,0,0,34,0,0,0,0,0,0,0,1,0,0,1,0,0,13.83,46872,0,0,0,1,0,0,1,1,0,3.15,1.38,1.64,0.6,0,1,1,1.92
0,31,0.03,0,1,0,0,40,0,0,0,0,0,0,0,0,0,0,0,0,0,13.92,12455,0,0,0,1,0,0,1,1,0,1.36,0.51,2.47,0.53,1,1,1,0.97
0,32,0.03,0,1,0,0,38,0,0,0,0,0,0,0,0,0,0,0,1,0,14.03,61514,0,0,1,1,0,1,1,1,0,3.4,1.18,1.61,0.46,0,1,1,2.14
0,32,0.03,0,1,0,0,34,0,0,0,0,0,0,0,1,0,0,1,0,0,1.85,47290,0,0,0,1,0,0,1,1,0,2.22,1.47,1.25,0.58,1,1,1,1.23
0,53,0.06,0,1,0,0,45,0,0,0,0,0,0,0,0,0,0,0,0,0,3.38,13528,0,0,0,1,0,0,0,1,0,2.16,0.41,3.3,0.0,0,1,1,1.02
0,32,0.03,0,1,0,0,31,0,0,0,0,0,0,1,0,0,0,0,1,1,29.2,54812,0,0,1,1,0,1,1,1,0,3.32,1.24,1.66,0.51,0,1,1,2.06
0,34,0.24,0,1,0,0,44,0,0,0,0,0,0,0,0,0,0,0,1,0,5.25,12281,0,0,1,1,0,0,1,1,0,3.79,0.83,1.45,0.08,0,1,1,2.25
0,55,0.07,0,1,0,0,24,0,0,0,0,0,0,0,0,0,0,0,0,0,8.72,25888,0,0,0,1,1,0,1,1,0,4.1,0.53,1.53,0.3,1,1,1,1.98
0,31,0.03,0,1,0,0,34,0,1,0,0,0,0,0,0,0,0,0,0,0,1.25,57005,0,0,0,1,0,0,1,1,0,2.43,1.31,1.25,0.49,1,1,1,1.41
0,55,0.07,0,1,0,0,52,0,0,0,0,0,0,0,0,0,0,0,0,0,27.73,124323,0,1,0,1,0,0,1,1,0,1.23,0.48,3.87,0.05,1,1,0,0.52
0,33,0.0,1,0,1,0,14,0,0,1,0,0,0,0,0,0,0,0,0,0,24.67,140233,0,1,1,1,1,0,1,1,0,0.82,0.77,0.76,0.78,0,1,0,0.88
0,54,0.04,0,0,1,1,43,0,0,0,0,0,0,0,0,0,0,0,0,0,10.13,21127,0,1,1,1,0,0,1,1,0,2.56,1.07,1.35,0.0,0,1,1,2.97
0,48,0.04,0,0,1,0,43,0,0,0,0,0,0,0,0,0,0,0,0,0,17.78,30958,0,1,1,1,0,0,1,1,0,2.26,1.11,1.45,0.03,0,1,0,3.6
0,32,0.03,0,1,0,0,65,0,0,0,0,0,0,0,1,0,0,1,0,0,15.1,25838,0,0,0,1,0,0,1,1,0,4.45,0.22,1.76,0.05,0,1,1,4.03
0,32,0.03,0,1,0,0,65,0,0,0,0,0,0,0,1,0,0,1,0,0,13.27,26743,0,0,0,1,0,0,1,1,0,4.47,0.22,1.76,0.05,0,1,1,4.04
0,54,0.04,0,0,1,0,43,0,0,0,0,0,0,0,0,0,0,0,0,0,4.65,30236,0,1,1,1,0,0,1,1,0,2.32,1.16,1.32,0.0,0,1,1,3.11
0,35,0.09,0,0,0,0,35,0,0,0,0,0,0,0,1,0,0,1,0,0,12.08,17115,0,0,0,1,0,0,1,1,0,2.62,0.58,1.94,0.3,0,1,1,1.13
0,33,0.0,1,0,1,0,78,0,0,1,0,0,0,0,1,0,0,1,0,0,27.95,301857,0,1,1,1,1,0,1,1,0,0.87,0.72,0.69,0.73,0,1,0,0.74
0,32,0.03,0,1,0,0,35,0,0,0,0,0,0,0,1,0,0,1,0,0,13.68,45566,0,0,0,1,0,0,1,1,0,3.12,1.38,1.62,0.62,0,1,1,1.92
0,53,0.06,0,1,0,0,82,0,0,0,0,0,0,0,0,0,0,0,0,0,12.37,13332,0,0,0,1,0,0,0,1,0,2.36,0.56,2.8,0.0,0,1,1,1.19
0,53,0.06,0,1,0,0,45,0,0,0,0,0,0,0,0,0,0,0,0,0,27.1,13528,0,0,0,1,0,0,0,1,0,2.16,0.41,3.32,0.0,0,1,1,1.02
0,54,0.04,0,0,1,0,43,0,0,0,0,0,0,0,0,0,0,0,0,0,24.73,35053,0,1,1,1,0,0,1,1,0,2.6,1.08,1.2,0.0,0,1,1,2.94
0,32,0.03,0,1,0,0,30,0,0,0,0,0,0,0,1,0,0,1,0,0,2.2,43415,0,0,0,1,0,0,1,1,0,1.95,1.53,1.2,0.64,1,1,1,1.07
0,34,0.06,0,0,1,1,7,0,0,0,0,0,0,0,0,0,0,0,0,0,20.12,6682,0,1,1,1,1,0,1,1,0,2.8,1.06,1.83,0.22,0,0,0,2.59
0,48,0.04,0,0,1,0,7,0,0,0,0,0,0,0,0,0,0,0,0,0,10.17,10455,0,0,1,1,0,0,1,1,0,1.89,0.92,2.49,0.05,0,1,0,1.47
0,41,0.05,0,1,0,0,7,0,0,0,0,0,0,0,0,0,0,0,0,0,13.78,2,0,0,0,0,0,0,0,0,0,0.0,0.0,0.0,0.0,0,0,0,0.0
0,48,0.04,0,0,1,0,7,0,0,0,0,0,0,0,0,0,0,0,0,0,15.95,49801,0,1,1,1,0,0,1,1,0,1.98,1.15,1.66,0.02,0,1,0,3.09
0,53,0.06,0,1,0,0,82,0,0,0,0,0,0,0,0,0,0,0,1,0,23.03,11042,0,0,0,1,0,0,0,1,0,2.3,0.52,3.0,0.0,0,1,1,1.15
0,53,0.06,0,1,0,0,82,0,0,0,0,0,0,0,0,0,0,0,0,0,24.1,13438,0,0,0,1,0,0,0,1,0,2.16,0.44,2.6,0.0,0,1,1,1.39
0,53,0.06,0,1,0,0,45,0,0,0,0,0,0,0,0,0,0,0,0,0,28.73,13528,0,0,0,1,0,0,0,1,0,2.16,0.41,3.3,0.0,0,1,1,1.02
0,24,0.04,0,0,0,0,24,0,0,1,0,0,0,1,0,0,0,0,0,1,16.35,9400,0,0,1,1,1,1,1,1,0,1.26,1.18,1.86,0.03,0,1,1,1.26
0,31,0.13,0,0,1,0,18,0,0,0,0,0,0,0,0,0,0,0,0,0,16.33,3036,0,0,1,1,0,0,0,1,0,0.79,1.68,0.72,0.0,0,1,0,1.05
0,24,0.04,0,0,0,0,24,0,0,1,0,0,0,1,0,0,0,0,0,1,2.25,9400,0,0,1,1,1,1,1,1,0,1.26,1.18,1.86,0.03,0,1,1,1.26
0,31,0.13,0,0,1,0,18,0,0,0,0,0,0,0,0,0,0,0,0,0,2.28,3036,0,0,1,1,0,0,0,1,0,0.79,1.68,0.72,0.0,0,1,0,1.05
0,25,0.04,0,1,0,0,17,0,0,0,0,0,0,0,0,0,0,0,0,0,1.18,14560,0,0,0,1,0,0,1,1,0,1.92,0.71,2.84,0.23,0,1,1,0.89
0,25,0.04,0,1,0,0,17,0,0,0,0,0,0,0,0,0,0,0,0,0,1.2,14560,0,0,0,1,0,0,1,1,0,1.92,0.71,2.79,0.23,0,1,1,0.89
0,25,0.04,0,1,0,0,28,0,0,0,0,0,0,0,0,0,0,0,0,0,7.17,12116,0,0,0,1,0,0,1,1,0,1.78,0.73,2.97,0.3,0,1,1,0.87
0,48,0.04,0,1,0,0,28,0,0,0,0,0,0,0,1,0,0,1,0,0,20.97,8885,0,0,0,1,0,0,1,1,0,2.54,0.78,2.26,0.01,1,1,1,1.7
0,42,0.05,0,1,0,0,19,0,0,0,0,0,0,0,0,0,0,0,0,0,26.6,456,0,0,1,0,0,0,0,1,0,3.51,0.88,0.44,0.0,0,0,0,3.51
0,41,0.02,0,1,0,0,29,0,0,0,0,0,0,0,0,0,0,0,0,0,28.17,6008,0,0,0,1,0,0,1,1,0,4.43,0.87,0.9,0.25,0,1,1,2.53
0,53,0.06,0,1,0,0,82,0,0,0,0,0,0,0,0,0,0,0,0,0,17.73,10550,0,0,0,1,0,0,0,1,0,2.39,0.45,3.08,0.0,0,1,1,1.18
0,48,0.04,0,0,1,0,7,0,0,0,0,0,0,0,0,0,0,0,0,0,15.9,10916,0,0,1,1,0,0,1,1,0,1.87,0.91,2.4,0.05,0,1,0,1.45
0,34,0.06,0,1,0,0,70,0,0,0,0,0,0,0,1,0,0,1,0,0,2.98,13643,0,0,0,1,0,0,1,1,0,2.15,0.45,3.33,0.01,1,1,1,1.47
0,53,0.06,0,1,0,0,82,0,0,0,0,0,0,0,0,0,0,0,0,0,21.45,11038,0,0,0,1,0,0,0,1,0,2.26,0.52,2.94,0.0,0,1,1,1.15
0,53,0.06,0,1,0,0,82,0,0,0,0,0,0,0,0,0,0,0,0,0,3.92,10914,0,0,0,1,0,0,0,1,0,2.29,0.47,2.98,0.0,0,1,1,1.16
0,55,0.07,0,1,0,0,39,0,0,0,0,0,0,0,0,0,0,0,0,0,27.73,124356,0,1,0,1,0,0,1,1,0,1.23,0.48,3.86,0.05,1,1,0,0.52
0,31,0.03,0,1,0,0,46,0,0,0,0,0,0,0,0,0,0,0,0,0,29.92,56606,0,0,0,1,0,0,1,1,0,2.44,1.3,1.26,0.49,1,1,1,1.43
0,48,0.04,0,0,1,0,7,0,0,0,0,0,0,0,0,0,0,0,0,0,25.97,1839,0,0,1,0,0,0,1,1,0,2.72,1.03,2.72,0.27,0,0,0,1.79
0,34,0.09,0,1,0,0,27,0,0,0,0,0,0,0,0,0,0,0,0,0,27.18,13128,0,0,1,1,0,0,1,1,0,1.97,0.94,1.06,0.12,0,1,1,1.58
0,34,0.09,0,1,0,0,24,0,0,0,0,0,0,0,0,0,0,0,0,0,27.17,13065,0,0,1,1,0,0,1,1,0,2.01,0.96,1.11,0.12,0,1,1,1.47
0,26,0.04,0,1,0,0,56,0,1,0,0,0,0,1,0,0,0,0,0,1,3.67,12876,0,1,0,1,0,0,1,1,0,2.03,0.26,1.52,0.19,1,1,0,1.57
0,57,0.11,0,1,0,0,41,0,0,0,0,0,0,1,0,0,0,0,0,1,18.67,51714,0,0,0,1,1,0,1,1,0,4.37,0.46,1.75,0.17,1,1,1,2.02
0,19,0.0,0,1,0,0,104,0,0,0,0,0,0,0,1,0,0,2,1,0,2.88,33970,0,0,0,1,0,0,1,1,0,2.29,0.69,2.44,0.31,1,1,0,1.28
0,47,0.02,0,0,0,0,64,0,0,0,0,0,0,0,1,0,0,1,0,0,0.05,28622,0,0,0,1,0,1,1,1,0,3.14,0.58,2.92,0.41,0,1,0,1.71
0,55,0.07,0,1,0,0,43,0,0,0,0,0,0,0,0,0,0,0,1,0,0.87,29076,0,0,0,1,1,0,1,1,0,4.32,0.55,1.49,0.27,1,1,1,2.06
0,55,0.05,0,1,0,0,32,0,1,0,0,0,0,0,0,0,0,0,0,0,23.75,37162,0,0,0,1,0,0,1,1,0,0.71,0.8,1.95,0.51,1,1,0,1.3
0,48,0.04,0,0,1,0,11,0,0,0,0,0,0,0,0,0,0,0,0,0,26.95,12890,0,0,1,1,0,0,1,1,0,2.06,0.97,2.41,0.04,0,1,0,1.68
0,35,0.09,0,0,0,0,35,0,0,0,0,0,0,0,1,0,0,1,0,0,25.98,17101,0,0,0,1,0,0,1,1,0,2.62,0.58,1.9,0.3,0,1,1,1.13
0,28,0.04,0,0,0,0,28,0,0,0,0,0,0,0,1,0,0,1,0,0,0.22,65028,0,1,0,1,0,0,1,1,0,2.4,0.22,3.13,0.31,1,1,1,1.38
0,31,0.03,0,1,0,0,27,0,0,0,0,0,0,0,0,0,0,0,0,0,29.95,57868,0,0,0,1,0,0,1,1,0,2.57,1.29,1.21,0.48,1,1,1,1.53
0,24,0.04,0,0,0,0,24,0,0,1,0,0,0,1,0,0,0,0,0,1,20.77,9400,0,0,1,1,1,1,1,1,0,1.26,1.18,1.86,0.03,0,1,1,1.26
0,31,0.13,0,0,1,0,18,0,0,0,0,0,0,0,0,0,0,0,0,0,20.73,3036,0,0,1,1,0,0,0,1,0,0.79,1.68,0.72,0.0,0,1,0,1.05
0,39,0.03,0,1,0,0,60,0,0,0,0,0,0,0,0,0,0,0,0,0,0.0,122372,0,0,0,1,0,0,1,1,0,1.52,0.33,2.25,0.27,1,1,1,0.53
0,55,0.07,0,1,0,0,60,0,0,0,0,0,0,0,0,0,0,0,0,0,27.73,124875,0,0,0,1,0,0,1,1,0,1.22,0.48,3.82,0.05,1,1,0,0.52
0,36,0.03,0,0,0,0,20,0,1,1,0,0,0,0,0,0,0,0,0,0,4.5,170712,0,1,1,1,0,0,1,1,0,3.26,0.18,1.02,0.18,1,1,1,1.14
0,41,0.02,0,1,0,0,45,0,0,0,0,0,0,0,0,0,0,0,0,0,10.6,10100,0,0,0,1,0,0,1,1,0,3.92,0.62,1.33,0.15,0,1,1,2.45
0,24,0.04,0,0,0,0,24,0,0,1,0,0,0,1,0,0,0,0,0,1,8.9,9400,0,0,1,1,1,1,1,1,0,1.26,1.18,1.86,0.03,0,1,1,1.26
0,31,0.13,0,0,1,0,18,0,0,0,0,0,0,0,0,0,0,0,0,0,8.92,3036,0,0,1,1,0,0,0,1,0,0.79,1.68,0.72,0.0,0,1,0,1.05
0,41,0.02,0,1,0,0,45,0,0,0,0,0,0,0,0,0,0,0,0,0,14.68,10091,0,0,0,1,0,0,1,1,0,3.92,0.62,1.33,0.15,0,1,1,2.45
0,32,0.03,0,1,0,0,34,0,0,0,0,0,0,0,0,0,0,0,0,0,10.67,25445,0,0,0,1,0,1,1,1,0,0.8,0.81,2.73,0.05,0,1,1,0.44
0,32,0.03,0,1,0,0,25,0,0,0,0,0,0,0,0,0,0,0,0,0,25.8,17025,0,0,0,1,0,1,1,1,0,2.74,0.66,2.33,0.14,0,1,1,1.64
0,26,0.19,0,0,0,0,36,1,0,0,0,0,0,0,0,0,0,0,1,0,3.33,609,0,0,0,0,0,0,0,1,0,0.0,0.82,0.33,0.0,0,1,0,0.0
0,39,0.03,0,1,0,0,44,0,1,0,0,0,0,0,0,0,0,0,0,0,0.0,115129,0,1,0,1,0,0,1,1,0,1.42,0.35,2.19,0.28,1,1,1,0.5
0,40,0.05,0,1,0,0,43,0,0,1,0,0,0,0,0,0,0,0,0,0,3.43,5865,0,0,1,0,0,0,1,1,0,2.32,0.94,2.66,0.05,0,1,0,2.68
0,40,0.05,0,1,0,0,30,1,1,0,0,0,0,0,0,0,0,0,0,0,26.12,7475,0,1,1,0,0,0,1,1,0,2.49,0.88,2.85,0.23,0,1,0,2.82
0,41,0.02,0,1,0,0,45,0,0,0,0,0,0,0,0,0,0,0,0,0,21.22,10099,0,0,0,1,0,0,1,1,0,3.92,0.63,1.32,0.15,0,1,1,2.45
0,43,0.05,0,0,0,0,41,0,1,0,0,0,0,0,0,0,0,0,0,0,10.52,69185,0,1,0,1,0,0,1,1,0,3.79,0.48,2.97,0.32,0,1,0,1.89
0,31,0.03,0,1,0,0,23,0,1,0,0,0,0,0,0,0,0,0,0,0,24.53,65315,0,0,0,1,0,0,1,1,0,2.73,1.21,1.26,0.43,1,1,1,1.6
0,48,0.33,0,1,0,0,46,0,0,0,0,0,0,0,0,0,0,0,0,0,26.58,18621,0,0,1,1,0,0,1,1,0,3.52,0.64,1.17,0.08,1,1,1,2.23
0,42,0.05,0,1,0,0,39,0,0,0,0,0,0,0,0,0,0,0,0,0,0.0,41168,0,0,0,1,0,0,1,1,0,2.31,0.32,2.31,0.09,1,1,1,1.42
0,35,0.09,0,0,0,0,35,0,0,0,0,0,0,0,1,0,0,1,0,0,20.42,17099,0,0,0,1,0,0,1,1,0,2.62,0.58,1.89,0.3,0,1,1,1.13
0,43,0.05,0,1,0,0,37,0,0,0,0,0,0,0,0,0,0,0,0,0,3.05,11854,0,0,0,1,0,0,1,1,0,1.96,0.91,3.21,0.65,1,1,1,1.38
0,40,0.05,0,1,0,0,62,0,0,0,0,0,0,0,1,0,0,1,0,0,0.48,23245,0,0,0,1,0,0,1,1,0,2.08,0.72,2.93,0.29,1,1,1,1.09
0,48,0.04,0,0,1,1,27,1,0,0,0,0,0,0,0,0,0,0,1,0,16.95,1426,0,0,0,0,0,0,1,1,0,2.81,0.91,3.3,0.35,0,0,1,2.17
0,32,0.03,0,1,0,0,52,0,0,0,0,0,0,0,0,0,0,0,0,0,16.93,31180,0,0,0,1,0,0,1,1,0,0.92,0.73,2.97,0.04,0,1,1,0.51
0,31,0.03,0,1,0,0,27,0,1,0,0,0,0,0,0,0,0,0,0,0,14.77,62613,0,0,0,1,0,0,1,1,0,2.64,1.23,1.24,0.44,1,1,1,1.56
0,46,0.04,0,1,0,0,27,0,0,0,0,0,0,0,0,0,0,0,0,0,0.27,24740,0,0,0,1,0,0,1,1,0,2.03,0.56,2.92,0.27,1,1,1,1.03
0,32,0.03,0,1,0,0,21,0,0,0,0,0,0,0,0,0,0,0,0,0,7.88,19145,0,0,0,1,0,0,1,1,0,2.26,0.39,3.01,0.4,1,1,1,1.12
0,42,0.05,0,1,0,0,23,0,0,0,0,0,0,0,0,0,0,0,0,0,12.12,21945,0,0,0,1,0,0,1,1,0,1.66,0.93,3.68,0.01,1,1,1,0.98
0,39,0.03,0,1,0,0,44,0,1,0,0,0,0,0,0,0,0,0,0,0,0.0,115763,0,1,0,1,0,0,1,1,0,1.42,0.35,2.37,0.28,1,1,1,0.5
0,32,0.03,0,1,0,0,34,0,0,0,0,0,0,0,0,0,0,0,0,0,13.63,25255,0,0,0,1,0,1,1,1,0,0.81,0.82,2.75,0.05,0,1,1,0.44
0,32,0.03,0,1,0,0,24,0,0,0,0,0,0,0,1,0,0,1,0,0,18.02,31489,0,0,0,1,0,1,1,1,0,3.49,0.54,2.81,0.03,0,1,0,2.05
0,35,0.09,0,0,0,0,35,0,0,0,0,0,0,0,1,0,0,1,0,0,6.23,17097,0,0,0,1,0,0,1,1,0,2.62,0.58,1.89,0.3,0,1,1,1.13
0,41,0.05,0,1,0,0,33,0,0,0,0,0,0,0,1,0,0,2,0,0,1.83,40232,0,0,0,1,1,0,1,1,0,1.98,0.64,2.79,0.18,1,1,1,0.9
0,33,0.03,0,1,0,0,31,0,0,0,0,0,0,0,0,0,0,0,0,0,26.15,10882,0,0,0,1,0,0,1,1,0,1.4,0.56,1.38,0.14,0,1,1,1.66
0,48,0.04,0,0,1,0,11,0,0,0,0,0,0,0,0,0,0,0,0,0,13.67,12873,0,0,1,1,0,0,1,1,0,2.07,0.96,2.41,0.04,0,1,0,1.68
0,48,0.04,0,0,1,0,11,0,0,0,0,0,0,0,0,0,0,0,0,0,13.32,12873,0,0,1,1,0,0,1,1,0,2.07,0.96,2.41,0.04,0,1,0,1.68
0,32,0.09,0,1,0,0,35,0,0,0,0,0,0,0,0,0,0,0,0,0,3.32,43159,0,1,0,1,0,0,1,1,0,3.19,0.51,2.89,0.47,1,1,0,1.94
0,31,0.03,0,1,0,0,69,0,0,1,0,0,0,0,1,0,0,1,0,0,29.9,12294,0,0,1,1,0,0,1,1,0,1.47,0.51,2.38,0.58,1,1,1,1.05
0,47,0.02,0,0,0,0,54,0,0,0,0,0,0,0,1,0,0,1,0,0,9.6,55839,0,0,0,1,0,0,1,1,0,3.01,0.41,3.7,0.63,0,1,0,2.08
0,31,0.03,0,1,0,0,24,0,1,0,0,0,0,0,0,0,0,0,0,0,19.62,62462,0,0,0,1,0,0,1,1,0,2.64,1.23,1.24,0.45,1,1,1,1.51
0,41,0.05,0,1,0,0,34,0,0,0,0,0,0,0,0,0,0,0,0,0,1.58,25414,0,0,0,1,0,0,1,1,0,2.13,0.6,2.94,0.27,1,1,1,1.09
0,31,0.03,0,1,0,0,69,0,0,1,0,0,0,0,1,0,0,1,0,0,18.42,12310,0,0,1,1,0,0,1,1,0,1.47,0.51,2.31,0.58,1,1,1,1.05
0,55,0.07,0,1,0,0,41,0,0,0,0,0,0,0,0,0,0,0,0,0,1.13,34091,0,0,0,1,1,0,1,1,0,4.32,0.51,1.51,0.23,1,1,1,2.07
0,73,0.05,0,1,0,1,33,0,0,0,0,0,0,0,0,0,0,0,0,0,15.73,29144,0,0,1,1,0,0,1,1,0,2.46,0.95,2.12,0.03,0,1,1,1.47
0,36,0.06,0,0,0,1,37,0,0,0,0,0,0,0,0,0,2,0,0,0,18.0,10617,0,0,1,1,0,0,1,1,0,3.65,0.79,1.51,0.04,0,1,1,1.77
0,43,0.05,0,1,0,1,15,0,0,0,0,0,0,0,0,0,0,0,0,0,20.28,8696,0,0,1,1,0,0,0,1,0,2.44,0.68,1.94,0.0,0,1,0,2.76
0,43,0.05,0,1,0,1,37,0,0,0,0,0,0,0,0,0,2,0,0,0,24.33,24751,0,1,1,1,1,0,1,1,0,1.18,0.7,0.86,0.28,0,1,0,1.06
0,54,0.04,0,0,1,1,15,0,0,0,0,0,0,0,0,0,0,0,0,0,10.7,12254,0,1,1,1,0,0,1,1,0,2.33,0.97,2.26,0.04,0,1,0,2.75
0,52,0.08,0,1,0,0,90,0,0,0,0,0,0,0,0,0,0,0,0,0,2.63,33511,0,0,0,1,0,0,1,1,0,1.96,0.39,4.88,0.08,1,1,1,1.23
0,52,0.08,0,1,0,0,82,0,0,0,0,0,0,0,0,0,0,0,0,0,2.63,33495,0,0,0,1,0,0,1,1,0,1.96,0.39,4.87,0.08,1,1,1,1.23
0,30,0.03,0,0,1,0,22,0,0,1,0,0,0,0,0,0,0,0,0,0,13.42,9336,0,0,1,1,0,1,1,1,0,2.68,4.1,0.89,0.01,0,1,1,1.56
0,27,0.15,0,0,1,0,32,0,0,1,0,0,0,0,0,0,0,0,0,0,14.08,25864,0,0,1,1,0,0,1,1,0,2.07,0.29,5.5,0.06,0,1,1,1.15
0,48,0.04,0,1,0,0,18,0,0,0,0,0,0,0,0,0,0,0,0,0,2.0,23196,0,0,0,1,1,0,1,1,0,2.14,0.56,3.02,0.29,1,1,1,1.16
0,47,0.04,0,0,0,0,46,0,0,0,0,0,0,1,0,0,0,0,1,1,7.97,20300,0,0,0,1,0,0,1,1,0,2.37,0.39,2.14,0.54,1,1,0,1.55
0,50,0.04,0,1,0,0,81,0,0,0,0,0,0,0,0,0,0,0,0,0,6.28,77097,0,0,0,1,0,0,1,1,0,1.46,0.34,2.74,0.05,1,1,1,0.62
0,50,0.04,0,1,0,0,43,0,0,0,0,0,0,0,0,0,0,0,0,0,14.47,44215,0,0,0,1,0,0,1,1,0,1.48,0.31,2.68,0.09,1,1,1,0.99
0,32,0.03,0,1,0,0,11,0,0,0,0,0,0,0,0,0,0,0,0,0,8.5,18142,0,0,0,1,0,0,1,1,0,2.11,0.45,2.97,0.36,1,1,1,1.14
0,42,0.05,0,1,0,0,26,0,0,0,0,0,0,0,0,0,0,0,0,0,20.98,20507,0,0,0,1,0,0,1,1,0,1.49,0.97,3.55,0.01,1,1,1,1.01
0,32,0.03,0,1,0,0,34,0,0,0,0,0,0,0,0,0,0,0,0,0,24.67,25257,0,0,0,1,0,1,1,1,0,0.81,0.82,2.76,0.05,0,1,1,0.44
0,40,0.05,0,1,0,0,15,0,0,0,0,0,0,0,0,0,0,0,0,0,17.2,3627,0,1,1,0,0,0,1,1,0,2.81,0.96,3.67,0.03,0,0,0,2.07
0,40,0.05,0,1,0,0,20,1,0,1,0,0,0,0,0,0,0,0,0,0,15.63,1451,0,0,1,0,0,0,1,1,0,3.03,1.31,2.96,0.07,0,0,0,1.45
0,48,0.04,0,0,1,0,44,0,0,0,0,0,0,0,0,0,0,0,1,0,17.75,1725,0,0,1,0,0,0,1,1,0,2.78,0.99,2.9,0.29,0,0,0,1.68
0,41,0.02,0,1,0,0,62,0,0,0,0,0,0,0,1,0,0,2,0,0,0.53,24377,0,0,0,1,0,0,1,1,0,2.19,0.67,1.42,0.07,1,1,1,1.3
0,35,0.09,0,0,0,0,35,0,0,0,0,0,0,0,1,0,0,1,0,0,11.62,17103,0,0,0,1,0,0,1,1,0,2.62,0.58,1.91,0.3,0,1,1,1.13
0,31,0.03,0,1,0,0,26,0,0,0,0,0,0,0,0,0,0,0,0,0,4.3,41134,0,0,1,1,0,0,1,1,0,0.68,0.39,2.01,0.18,1,1,1,1.08
0,42,0.05,0,1,0,0,25,0,0,0,0,0,0,0,0,0,0,0,0,0,0.0,48521,0,0,0,1,0,0,1,1,0,2.48,0.26,2.29,0.08,1,1,1,1.57
0,39,0.03,0,0,0,0,38,0,0,0,0,0,0,0,0,0,0,0,0,0,25.52,34136,0,0,0,1,0,1,1,1,0,2.31,0.33,1.8,0.18,1,1,0,1.55
0,26,0.04,0,1,0,0,33,0,0,1,0,0,0,0,0,0,0,0,0,0,10.75,8666,0,0,1,1,0,1,1,1,0,2.12,0.54,1.82,0.3,0,1,1,3.01
0,39,0.03,0,1,0,0,29,0,0,0,0,0,0,0,0,0,0,0,0,0,0.0,117914,0,0,0,1,0,0,1,1,0,1.55,0.34,2.17,0.28,1,1,1,0.53
0,57,0.11,0,1,0,0,44,0,1,0,0,0,0,1,0,0,0,0,0,1,0.35,51994,0,1,0,1,1,0,1,1,0,4.37,0.48,1.76,0.17,1,1,1,2.02
0,31,0.03,0,1,0,0,19,0,1,0,0,0,0,0,0,0,0,0,0,0,1.18,57439,0,0,0,1,0,0,1,1,0,2.49,1.29,1.24,0.48,1,1,1,1.45
0,39,0.05,0,1,0,0,25,0,0,0,0,0,0,0,0,0,0,0,0,0,0.4,31852,0,0,0,1,0,0,1,1,0,1.9,1.05,1.48,0.07,1,1,1,0.79
0,32,0.03,0,1,0,0,34,0,0,0,0,0,0,0,1,0,0,1,0,0,24.28,45986,0,0,0,1,0,0,1,1,0,2.12,1.46,1.21,0.61,0,1,1,1.31
0,32,0.03,0,1,0,0,38,0,0,0,0,0,0,0,0,0,0,0,1,0,26.05,69918,0,0,1,1,0,1,1,1,0,2.95,1.13,1.39,0.4,0,1,1,1.88
0,32,0.03,0,1,0,0,34,0,0,0,0,0,0,0,1,0,0,1,0,0,25.93,54328,0,0,0,1,0,0,1,1,0,2.68,1.3,1.4,0.52,0,1,1,1.65
0,28,0.04,0,0,0,0,50,0,0,0,0,0,0,0,0,0,0,0,0,0,5.43,20104,0,0,0,1,0,0,1,1,0,2.3,0.3,2.14,0.15,0,1,1,1.29
0,48,0.04,0,0,1,0,11,0,0,0,0,0,0,0,0,0,0,0,0,0,7.37,12874,0,0,1,1,0,0,1,1,0,2.07,0.96,2.42,0.04,0,1,0,1.68
0,48,0.04,0,0,1,0,11,0,0,0,0,0,0,0,0,0,0,0,0,0,6.57,13050,0,0,1,1,0,0,1,1,0,2.07,0.94,2.4,0.04,0,1,0,1.66
0,48,0.04,0,0,1,1,18,0,0,0,0,0,0,0,0,0,0,0,0,0,23.12,12622,0,0,1,1,0,0,1,1,0,2.11,0.94,2.43,0.04,0,1,0,1.71
0,48,0.04,0,0,1,0,11,0,0,0,0,0,0,0,0,0,0,0,0,0,21.73,12874,0,0,1,1,0,0,1,1,0,2.07,0.96,2.42,0.04,0,1,0,1.68
0,32,0.03,0,1,0,0,31,0,0,0,0,0,0,1,0,0,0,0,1,1,0.47,62227,0,0,1,1,0,1,1,1,0,2.89,1.19,1.45,0.45,0,1,1,1.82
0,34,0.24,0,1,0,0,44,0,0,0,0,0,0,0,0,0,0,0,1,0,11.07,12281,0,0,1,1,0,0,1,1,0,3.79,0.83,1.45,0.08,0,1,1,2.25
0,42,0.05,0,1,0,0,42,0,0,0,0,0,0,0,0,0,0,0,1,0,0.0,41603,0,0,0,1,0,0,1,1,0,2.2,0.33,2.46,0.11,1,1,1,1.33
0,52,0.08,0,1,0,0,85,0,0,0,0,0,0,0,0,0,0,0,0,0,10.53,30295,0,0,0,1,0,0,1,1,0,2.15,0.43,5.09,0.09,1,1,1,1.34
0,52,0.08,0,1,0,0,93,0,0,0,0,0,0,0,0,0,0,0,0,0,10.53,30335,0,0,0,1,0,0,1,1,0,2.15,0.43,5.09,0.09,1,1,1,1.34
0,39,0.03,0,1,0,0,29,0,0,0,0,0,0,0,0,0,0,0,0,0,0.0,117576,0,0,0,1,0,0,1,1,0,1.55,0.34,2.03,0.28,1,1,1,0.54
0,42,0.05,0,1,0,0,91,0,0,0,0,0,0,0,1,0,0,1,0,0,1.8,4551,0,0,0,0,0,0,1,1,0,0.13,1.01,0.04,0.04,0,1,1,1.74
0,31,0.03,0,1,0,0,37,0,1,0,0,0,0,0,0,0,0,0,0,0,0.1,47090,0,0,0,1,0,0,1,1,0,2.23,1.44,1.23,0.59,1,1,1,1.26
0,47,0.02,0,0,0,0,37,0,0,0,0,0,0,0,1,0,0,1,0,0,11.88,58097,0,0,0,1,0,0,1,1,0,3.23,0.37,4.11,0.65,0,1,0,2.03
0,47,0.04,0,0,0,0,45,1,1,0,0,0,0,0,0,0,0,0,0,0,2.05,26642,0,1,0,1,0,1,1,1,0,2.3,0.39,1.95,0.45,1,1,0,1.58
0,33,0.0,1,0,1,0,14,0,0,1,0,0,0,0,0,0,0,0,0,0,9.82,140233,0,1,1,1,1,0,1,1,0,0.82,0.77,0.76,0.78,0,1,0,0.88
0,32,0.03,0,1,0,0,11,0,0,0,0,0,0,0,0,0,0,0,0,0,9.05,21007,0,0,0,1,0,0,1,1,0,1.89,0.45,2.66,0.31,1,1,1,0.98
0,29,0.17,0,0,0,0,45,1,1,0,0,0,0,0,0,0,0,0,0,0,22.17,16419,0,1,0,1,0,0,1,1,0,3.07,0.82,2.15,0.3,1,1,1,1.46
0,48,0.04,0,1,0,0,31,0,0,0,0,0,0,0,0,0,0,0,0,0,0.23,6998,0,0,0,1,0,0,1,1,0,2.83,0.7,2.04,0.01,1,1,1,1.69
0,24,0.04,0,0,0,0,24,0,0,1,0,0,0,1,0,0,0,0,0,1,16.1,9400,0,0,1,1,1,1,1,1,0,1.26,1.18,1.86,0.03,0,1,1,1.26
0,31,0.13,0,0,1,0,18,0,0,0,0,0,0,0,0,0,0,0,0,0,16.12,3036,0,0,1,1,0,0,0,1,0,0.79,1.68,0.72,0.0,0,1,0,1.05
0,33,0.0,1,0,1,0,78,0,0,1,0,0,0,0,1,0,0,1,0,0,27.12,301857,0,1,1,1,1,0,1,1,0,0.87,0.72,0.69,0.73,0,1,0,0.74
0,23,0.0,0,0,1,0,23,0,0,1,0,0,0,0,0,0,0,0,1,0,23.12,8956,0,0,1,1,0,1,1,1,0,1.85,1.07,2.1,0.31,0,1,1,1.13
0,24,0.04,0,0,0,0,24,0,0,1,0,0,0,1,0,0,0,0,0,1,13.83,9400,0,0,1,1,1,1,1,1,0,1.26,1.18,1.86,0.03,0,1,1,1.26
0,31,0.13,0,0,1,0,18,0,0,0,0,0,0,0,0,0,0,0,0,0,13.78,3036,0,0,1,1,0,0,0,1,0,0.79,1.68,0.72,0.0,0,1,0,1.05
0,50,0.04,0,1,0,0,43,0,0,0,0,0,0,0,0,0,0,0,0,0,12.17,44177,0,0,1,1,0,0,1,1,0,1.48,0.31,2.62,0.1,1,1,1,0.99
0,48,0.04,0,0,1,0,20,0,0,0,0,0,0,0,0,0,0,0,0,0,25.18,3836,0,1,1,0,0,0,1,1,0,2.4,1.17,2.19,0.18,0,0,0,3.23
0,48,0.04,0,0,1,0,20,0,0,0,0,0,0,0,0,0,0,0,0,0,24.12,3720,0,0,1,0,0,0,1,1,0,2.37,1.21,2.04,0.13,0,0,0,3.23
0,35,0.09,0,0,0,0,35,0,0,0,0,0,0,0,1,0,0,1,0,0,4.25,17103,0,0,0,1,0,0,1,1,0,2.62,0.58,1.91,0.3,0,1,1,1.13
0,55,0.05,0,1,0,0,35,0,1,0,0,0,0,0,0,0,0,0,0,0,25.65,17714,0,0,0,1,0,0,1,1,0,0.71,0.67,1.66,0.36,1,1,0,1.25
0,29,0.0,0,1,0,0,85,0,0,0,0,0,0,0,1,0,0,2,1,0,22.67,33064,0,0,0,1,0,0,1,1,0,2.22,0.7,2.44,0.32,1,1,0,1.25
0,51,0.04,0,1,0,0,18,0,0,0,0,0,0,0,0,0,0,0,0,0,27.42,4638,0,1,0,1,0,0,0,1,0,1.94,0.6,1.83,0.0,0,1,1,2.41
0,30,0.03,0,1,0,0,63,0,0,0,0,0,0,0,0,0,0,0,0,0,25.73,7639,0,0,0,1,0,0,1,1,0,3.12,0.55,1.65,0.05,0,1,1,2.21
0,42,0.14,0,0,1,0,32,0,0,1,0,0,0,0,0,0,0,0,0,0,29.1,10898,0,0,1,1,0,0,1,1,0,0.42,0.28,2.79,0.29,0,0,1,0.72
0,33,0.03,0,1,0,0,36,0,0,0,0,0,0,0,0,0,0,0,0,0,24.23,35054,0,0,0,1,0,0,1,1,0,1.11,0.51,2.52,0.37,1,1,1,0.63
0,54,0.04,0,0,1,0,20,0,0,0,0,0,0,0,0,0,0,0,0,0,5.98,7011,0,0,1,0,0,0,1,1,0,2.05,1.65,1.13,0.07,0,0,0,2.97
0,54,0.04,0,0,1,0,20,0,0,0,0,0,0,0,0,0,0,0,0,0,6.6,25129,0,1,1,1,1,0,1,1,0,1.42,0.9,0.9,0.64,0,1,0,1.23
0,41,0.05,0,0,1,0,32,0,0,0,0,0,0,0,0,0,0,0,0,0,17.23,1302,0,0,0,0,0,0,0,1,0,2.3,0.61,1.84,0.0,0,0,1,1.54
0,41,0.05,0,0,1,0,28,0,0,1,0,0,0,0,0,0,0,0,0,0,16.55,1534,0,0,0,0,0,0,0,1,0,3.13,0.39,2.28,0.0,0,0,1,1.56
0,54,0.04,0,0,1,0,27,0,0,1,0,0,0,0,0,0,0,0,0,0,15.05,8382,0,0,1,1,0,0,0,1,0,1.88,0.61,2.45,0.0,0,1,1,0.89
0,24,0.0,0,1,0,0,128,0,0,1,0,0,0,0,1,0,0,2,1,0,22.4,36000,0,0,1,1,0,0,1,1,0,2.27,0.68,2.4,0.3,1,1,0,1.27
0,24,0.0,0,1,0,0,124,0,0,1,0,0,0,0,1,0,0,2,1,0,23.82,35122,0,0,1,1,0,0,1,1,0,2.33,0.67,2.41,0.31,1,1,0,1.31
0,31,0.03,0,1,0,0,25,0,0,0,0,0,0,0,1,0,0,3,0,0,1.1,41921,0,0,0,1,0,0,1,1,0,2.01,1.58,1.25,0.66,1,1,1,1.12
0,39,0.05,0,1,0,0,52,0,0,0,0,0,0,0,0,0,0,0,0,0,1.72,25136,0,0,0,1,0,0,1,1,0,1.56,0.99,1.34,0.08,1,1,1,0.72
0,41,0.05,0,0,1,0,11,0,0,0,0,0,0,0,0,0,0,0,0,0,19.25,9439,0,1,1,1,1,0,1,1,0,1.12,1.01,0.81,0.48,0,0,1,0.63
0,40,0.05,0,1,0,0,48,0,0,0,0,0,0,0,0,0,0,0,0,0,20.82,101303,0,0,0,1,0,0,1,1,0,1.18,0.56,3.86,0.11,1,1,0,0.5
0,34,0.06,0,0,1,0,19,0,0,0,0,0,0,0,0,0,0,0,0,0,20.98,6648,0,1,1,1,1,0,1,1,0,2.78,1.07,1.84,0.23,0,0,0,2.54
0,48,0.04,0,0,1,0,20,0,0,0,0,0,0,0,0,0,0,0,0,0,2.77,12648,0,0,1,1,0,0,1,1,0,2.1,0.93,2.42,0.04,0,1,0,1.71
0,48,0.04,0,0,1,0,20,0,0,0,0,0,0,0,0,0,0,0,0,0,8.03,12769,0,0,1,1,0,0,1,1,0,2.11,0.93,2.42,0.04,0,1,0,1.69
0,55,0.07,0,1,0,0,53,0,0,0,0,0,0,0,0,0,0,0,0,0,0.85,30451,0,0,0,1,1,0,1,1,0,4.12,0.55,1.49,0.25,1,1,1,2.02
0,48,0.04,0,0,1,0,24,0,0,0,0,0,0,0,0,0,0,0,0,0,22.97,14416,0,1,1,1,0,0,1,1,0,2.39,1.16,2.09,0.03,0,1,0,2.82
0,48,0.04,0,0,1,0,23,0,0,0,0,0,0,0,0,0,0,0,0,0,20.82,14166,0,1,1,1,1,0,1,1,0,2.14,1.1,1.5,0.11,0,0,0,2.99
0,48,0.04,0,0,1,0,23,0,0,0,0,0,0,0,0,0,0,0,0,0,22.02,15232,0,1,1,1,1,0,1,1,0,2.15,1.14,1.45,0.1,0,0,0,3.09
0,34,0.06,0,0,1,0,23,0,0,0,0,0,0,0,0,0,0,0,0,0,14.05,11479,0,1,1,1,1,0,1,1,0,2.31,1.11,1.71,0.13,0,0,0,2.77
0,41,0.05,0,0,1,0,14,0,0,0,0,0,0,0,1,0,0,1,0,0,2.55,281157,0,1,1,1,1,0,1,1,0,0.68,0.62,0.65,0.72,0,0,1,0.67
0,41,0.05,0,0,1,0,18,0,0,0,0,0,0,0,1,0,0,1,0,0,20.2,350317,0,1,1,1,1,0,1,1,0,0.61,0.61,0.57,0.6,0,0,0,0.61
0,41,0.05,0,0,1,1,11,0,0,0,0,0,0,0,0,0,0,0,0,0,9.18,1569,0,0,0,0,0,0,1,1,0,2.8,1.47,2.68,0.32,0,0,1,2.49
0,41,0.05,0,0,1,1,16,0,0,0,0,0,0,0,0,0,0,0,0,0,25.98,1559,0,0,0,0,0,0,1,1,0,2.57,0.83,2.44,0.32,0,0,1,2.12
0,48,0.04,0,0,1,0,23,0,0,0,0,0,0,0,0,0,0,0,0,0,21.83,13894,0,1,1,1,1,0,1,1,0,2.15,1.12,1.5,0.11,0,0,0,3.0
0,48,0.04,0,0,1,0,7,0,0,0,0,0,0,0,0,0,0,0,0,0,3.43,12636,0,0,1,1,0,0,1,1,0,2.11,0.93,2.43,0.04,0,1,0,1.71
0,48,0.04,0,0,1,1,7,0,0,0,0,0,0,0,0,0,0,0,0,0,2.75,12828,0,0,1,1,0,0,1,1,0,2.07,0.93,2.41,0.04,0,1,0,1.68
0,48,0.04,0,0,1,1,11,0,0,0,0,0,0,0,0,0,0,0,0,0,4.48,12932,0,0,1,1,0,0,1,1,0,2.09,0.92,2.4,0.04,0,1,0,1.67
0,37,0.16,0,1,0,0,42,0,0,0,0,0,0,0,0,0,0,0,0,0,4.92,60831,0,0,0,1,0,0,1,1,0,2.99,0.48,2.09,0.25,1,1,1,1.22
0,32,0.25,1,0,1,0,56,0,1,1,0,0,0,1,0,0,0,0,0,1,25.03,8827,0,1,1,1,1,0,1,1,0,0.85,0.95,0.6,0.71,0,1,0,0.88
0,45,0.07,0,1,0,0,55,0,0,0,0,0,0,1,0,0,0,0,0,1,0.0,90882,0,0,0,1,0,0,1,1,0,1.38,0.25,2.14,0.24,1,1,1,0.58
0,38,0.03,0,0,1,0,29,0,0,1,0,0,0,0,0,0,0,0,0,0,15.65,33951,0,0,1,1,1,0,1,1,0,2.7,0.27,1.38,0.28,1,1,0,1.37
0,36,0.03,0,0,0,0,45,0,0,0,0,0,0,0,1,0,0,1,0,0,18.37,55208,0,0,0,1,0,0,1,1,0,3.05,0.42,3.72,0.64,0,1,0,2.08
0,48,0.04,0,0,1,1,11,0,0,0,0,0,0,0,0,0,0,0,0,0,1.67,12932,0,0,1,1,0,0,1,1,0,2.09,0.92,2.4,0.04,0,1,0,1.67
0,31,0.03,0,1,0,0,32,0,1,0,0,0,0,0,0,0,0,0,0,0,10.03,58151,0,0,0,1,0,0,1,1,0,2.5,1.29,1.25,0.48,1,1,1,1.42
0,41,0.02,0,1,0,0,99,0,0,1,0,0,0,0,0,0,0,0,0,0,27.3,24627,0,0,1,1,0,0,1,1,0,2.17,0.7,1.45,0.07,1,1,1,1.29
0,39,0.05,0,1,0,0,39,0,0,0,0,0,0,0,1,0,0,2,0,0,1.62,27298,0,0,0,1,1,0,1,1,0,1.57,1.03,1.48,0.06,1,1,1,0.67
0,49,0.04,0,0,1,0,40,0,0,1,0,0,0,0,1,0,0,1,0,0,15.57,1519807,0,1,1,1,1,0,1,1,0,0.87,0.7,0.75,0.77,0,1,0,0.72
0,42,0.05,0,1,0,0,42,0,0,0,0,0,0,0,0,0,0,0,1,0,0.0,41581,0,0,1,1,0,0,1,1,0,2.2,0.33,2.39,0.11,1,1,1,1.33
0,35,0.09,0,0,0,0,35,0,0,0,0,0,0,0,1,0,0,1,0,0,20.58,17101,0,0,0,1,0,0,1,1,0,2.62,0.58,1.9,0.3,0,1,1,1.13
0,26,0.04,0,1,0,0,39,0,0,0,0,0,0,0,0,0,0,0,0,0,24.98,18566,0,1,1,1,0,0,1,1,0,1.65,0.83,2.03,0.63,0,1,1,0.89
0,51,0.29,0,1,0,0,45,0,0,0,0,0,0,0,0,0,0,0,0,0,25.65,27315,0,0,0,1,0,0,1,1,0,1.95,0.7,2.1,0.51,0,1,1,1.15
0,24,0.04,0,0,0,0,28,0,0,0,0,0,0,1,0,0,0,0,0,1,1.33,9411,0,0,0,1,1,1,1,1,0,1.25,1.16,1.88,0.03,0,1,1,1.25
0,31,0.13,0,0,1,0,15,0,0,0,0,0,0,0,0,0,0,0,0,0,1.32,3088,0,0,0,0,0,0,1,1,0,0.71,1.59,0.81,0.06,0,1,0,0.97
0,39,0.03,0,1,0,0,41,0,0,0,0,0,0,1,0,0,0,0,0,1,0.0,117600,0,0,0,1,0,0,1,1,0,1.55,0.34,2.02,0.28,1,1,1,0.54
0,30,0.03,0,1,0,0,79,0,0,0,0,0,0,0,0,0,0,0,0,0,7.65,30031,0,0,1,1,0,0,1,1,0,1.86,0.74,2.21,0.43,0,1,1,1.13
0,57,0.11,0,1,0,0,65,0,0,0,0,0,0,0,0,0,0,0,0,0,29.95,19254,0,0,0,1,1,0,1,1,0,3.18,0.64,1.5,0.37,1,1,1,1.67
0,34,0.03,0,1,0,0,30,0,0,0,1,0,0,0,0,0,0,0,0,0,13.63,42314,0,0,0,1,0,0,1,1,0,0.84,0.33,1.77,0.22,0,1,1,1.17
0,40,0.0,1,1,0,0,27,0,0,0,0,0,0,0,1,0,0,1,1,0,11.93,9171,0,0,0,1,0,0,0,1,0,1.53,0.35,1.64,0.0,0,1,0,1.21
0,31,0.03,0,1,0,0,28,0,1,0,0,0,0,0,0,0,0,0,0,0,0.07,41877,0,0,0,1,0,0,1,1,0,1.97,1.55,1.23,0.66,1,1,1,1.09
0,30,0.03,0,1,0,0,79,0,0,0,0,0,0,0,0,0,0,0,0,0,20.55,28820,0,0,1,1,0,0,1,1,0,1.85,0.74,2.18,0.44,0,1,1,1.12
0,39,0.05,0,1,0,0,44,0,1,0,0,0,0,0,1,0,0,1,0,0,1.92,23233,0,1,0,1,0,0,1,1,0,1.66,1.04,1.36,0.08,1,1,1,0.67
0,26,0.04,0,1,0,0,42,0,0,1,0,0,0,1,0,0,0,0,0,1,16.55,21181,0,0,1,1,0,0,1,1,0,1.89,0.75,2.06,0.59,1,1,1,1.06
0,42,0.05,0,1,0,0,24,0,0,1,0,0,0,0,0,0,0,0,0,0,8.8,7880,0,0,1,0,0,0,0,1,0,2.11,1.22,1.43,0.0,0,0,0,3.62
0,38,0.03,0,0,1,0,40,0,0,1,0,0,0,0,0,0,0,0,0,0,1.25,33837,0,0,1,1,1,0,1,1,0,2.71,0.27,1.39,0.28,1,1,0,1.37
0,26,0.04,0,1,0,0,47,0,0,1,0,0,0,1,0,0,0,0,0,1,4.5,21241,0,0,1,1,0,0,1,1,0,1.88,0.75,2.05,0.59,1,1,1,1.05
0,42,0.05,0,1,0,0,32,0,0,0,0,0,0,0,0,0,0,0,0,0,3.27,9306,0,0,1,0,0,0,1,1,0,1.25,0.81,0.69,0.04,0,0,0,2.1
0,26,0.04,0,1,0,0,41,0,0,1,0,0,0,1,0,0,0,0,0,1,17.62,21108,0,0,1,1,0,0,1,1,0,1.9,0.74,2.07,0.59,1,1,1,1.06
0,42,0.05,0,1,0,0,42,0,0,0,0,0,0,0,0,0,0,0,0,0,29.63,27991,0,0,0,1,0,0,1,1,0,1.31,0.83,3.63,0.01,1,1,1,0.83
0,35,0.09,0,0,0,0,35,0,0,0,0,0,0,0,1,0,0,1,0,0,10.53,17105,0,0,0,1,0,0,1,1,0,2.62,0.58,1.91,0.3,0,1,1,1.13
0,48,0.04,0,0,1,0,11,0,0,0,0,0,0,0,0,0,0,0,0,0,19.9,12535,0,0,1,1,0,0,1,1,0,2.12,0.93,2.43,0.04,0,1,0,1.72
0,31,0.03,0,1,0,0,24,0,1,0,0,0,0,0,0,0,0,0,0,0,0.13,57357,0,0,0,1,0,0,1,1,0,2.42,1.29,1.25,0.48,1,1,1,1.38
0,47,0.04,0,1,0,0,19,0,0,0,0,0,0,0,1,0,0,1,0,0,1.67,34401,0,1,0,1,0,0,1,1,0,1.56,0.83,1.74,0.06,1,1,1,0.61
0,47,0.04,0,1,0,0,34,0,0,0,0,0,0,1,0,0,0,0,0,1,16.77,29034,0,0,1,1,0,0,1,1,0,0.69,0.21,2.36,0.18,0,1,1,1.24
0,30,0.03,0,1,0,0,66,0,0,0,0,0,0,0,0,0,0,0,0,0,10.47,30077,0,0,1,1,0,0,1,1,0,1.88,0.81,2.08,0.43,0,1,1,1.17
0,30,0.03,0,1,0,0,79,0,0,0,0,0,0,0,0,0,0,0,0,0,10.47,34352,0,0,1,1,0,0,1,1,0,1.87,0.81,2.11,0.38,0,1,1,1.17
0,39,0.08,0,0,1,0,55,0,0,1,0,0,0,0,0,0,0,0,0,0,2.57,4434,0,0,1,1,0,1,1,1,0,0.68,0.41,1.04,0.05,0,1,1,1.22
0,22,0.05,0,0,0,0,31,0,0,0,0,0,0,0,0,0,0,0,0,0,13.82,15722,0,0,0,1,0,0,1,1,0,1.93,0.49,2.85,0.1,1,1,1,1.42
0,58,0.19,1,1,0,0,38,0,0,0,0,0,0,0,1,0,0,2,1,0,21.65,43353,0,0,0,1,1,0,1,1,0,2.03,0.58,4.02,0.26,0,1,1,1.08
0,41,0.02,0,1,0,0,78,0,0,0,0,0,0,0,0,0,0,0,0,0,14.37,24475,0,1,0,1,0,0,1,1,1,2.18,0.68,1.42,0.07,1,1,1,1.3
0,20,0.0,0,1,0,0,43,0,0,1,0,0,0,1,0,0,0,0,1,1,0.88,5941,0,0,1,0,0,0,1,1,0,3.67,0.59,1.57,0.1,0,1,1,2.32
0,42,0.14,0,0,1,0,32,0,0,1,0,0,0,0,0,0,0,0,0,0,10.82,10040,0,0,1,1,0,0,1,1,0,0.46,0.17,1.86,0.01,0,0,1,0.62
0,24,0.04,1,1,0,0,20,0,0,0,0,0,0,0,0,0,0,0,0,0,25.77,22473,0,0,0,1,0,0,1,1,0,2.53,0.6,3.06,0.33,0,1,1,1.15
0,57,0.11,0,1,0,0,47,0,0,0,0,0,0,0,0,0,0,0,0,0,26.4,26473,0,0,0,1,1,0,1,1,0,4.19,0.53,1.81,0.29,1,1,1,2.01
0,68,0.06,0,1,0,0,31,0,0,0,0,0,0,0,0,0,0,0,0,0,2.4,25826,0,0,0,1,0,0,1,1,0,2.75,0.99,2.29,0.04,0,1,1,1.58
0,32,0.03,0,1,0,0,34,0,0,0,0,0,0,0,0,0,0,0,0,0,23.02,25257,0,0,0,1,0,1,1,1,0,0.81,0.82,2.75,0.05,0,1,1,0.44
0,35,0.09,0,0,0,0,35,0,0,0,0,0,0,0,1,0,0,1,0,0,1.0,17109,0,0,0,1,0,0,1,1,0,2.62,0.58,1.92,0.3,0,1,1,1.13
0,31,0.03,0,1,0,0,42,0,0,1,0,0,0,0,0,0,0,0,1,0,4.78,43101,0,0,1,1,0,0,1,1,0,2.73,0.34,1.35,0.39,1,1,1,1.11
0,31,0.03,0,1,0,0,27,0,1,0,0,0,0,0,0,0,0,0,1,0,9.73,64318,0,0,0,1,0,0,1,1,0,2.55,1.25,1.18,0.43,1,1,1,1.36
0,49,0.04,0,0,1,0,64,0,0,1,0,0,0,1,0,0,0,0,1,2,12.13,23422,0,1,1,0,0,0,1,1,0,2.39,0.97,2.75,0.07,0,1,0,2.19
0,39,0.05,0,1,0,0,57,0,0,0,0,0,0,0,1,0,0,1,0,0,1.87,30678,0,0,0,1,1,0,1,1,0,1.61,0.87,1.38,0.06,1,1,1,0.78
0,40,0.05,0,1,0,0,48,0,0,0,0,0,0,0,0,0,0,0,0,0,27.78,101241,0,0,0,1,0,0,1,1,0,1.19,0.56,3.9,0.11,1,1,0,0.5
0,30,0.03,0,1,0,0,37,0,0,1,0,0,0,0,0,0,0,0,0,0,19.7,143280,0,1,1,1,1,0,1,1,0,0.43,0.62,0.69,0.37,0,1,1,0.89
0,48,0.04,0,0,1,0,41,0,0,1,0,0,0,0,0,0,0,0,0,0,21.47,23047,0,1,1,1,0,0,1,1,0,3.12,1.47,2.37,0.04,0,1,0,2.3
0,58,0.05,0,1,0,0,56,0,0,0,0,0,0,0,0,0,0,0,0,0,16.7,28291,0,0,0,1,0,0,1,1,0,2.18,0.56,1.53,0.05,0,1,0,1.13
0,55,0.07,0,1,0,0,56,0,0,0,0,0,0,0,0,0,0,0,0,0,0.98,29538,0,0,0,1,1,0,1,1,0,4.22,0.53,1.55,0.26,1,1,1,2.03
0,22,0.05,0,0,0,0,31,0,0,0,0,0,0,0,0,0,0,0,0,0,3.95,15722,0,0,0,1,0,0,1,1,0,1.93,0.49,2.85,0.1,1,1,1,1.42
0,42,0.05,0,1,0,0,39,0,0,0,0,0,0,0,0,0,0,0,0,0,0.0,41286,0,0,0,1,0,0,1,1,0,2.3,0.32,2.47,0.09,1,1,1,1.42
0,31,0.03,0,1,0,0,22,0,1,0,0,0,0,0,0,0,0,0,0,0,29.97,43569,0,0,0,1,0,0,1,1,0,2.04,1.53,1.23,0.64,1,1,1,1.15
0,40,0.05,0,1,0,0,54,0,0,0,0,0,0,0,0,0,0,0,0,0,1.63,30605,0,0,0,1,0,0,1,1,0,1.74,0.87,1.82,0.06,1,1,1,0.71
0,24,0.04,0,0,0,0,28,0,0,0,0,0,0,1,0,0,0,0,0,1,3.03,9607,0,0,0,1,1,1,1,1,0,1.23,1.19,1.92,0.02,0,1,1,1.23
0,31,0.13,0,0,1,0,15,0,0,0,0,0,0,0,0,0,0,0,0,0,3.05,3088,0,0,0,0,0,0,1,1,0,0.71,1.59,0.81,0.06,0,1,0,0.97
0,45,0.07,0,1,0,0,66,0,0,0,0,0,0,1,0,0,0,0,1,1,0.0,76615,0,0,0,1,0,0,1,1,0,1.17,0.29,2.5,0.29,1,1,1,0.46
0,35,0.06,0,1,0,0,28,0,0,0,0,0,0,0,0,0,0,0,0,0,13.37,904,0,0,0,0,0,0,1,1,0,2.43,0.88,1.88,0.22,0,1,0,3.21
0,26,0.04,0,1,0,0,33,0,0,0,0,0,0,0,0,0,0,0,0,0,10.38,19881,0,0,0,1,0,0,1,1,0,1.84,0.78,1.91,0.62,0,1,1,1.08
0,50,0.04,0,1,0,0,101,0,0,0,0,0,0,0,0,0,0,0,1,0,5.52,94898,0,0,0,1,0,0,1,1,0,1.34,0.32,2.86,0.05,1,1,1,0.56
0,42,0.05,0,1,0,0,49,0,0,0,0,0,0,0,0,0,0,0,1,0,21.78,17552,0,0,0,1,0,0,1,1,0,1.13,0.85,3.4,0.01,1,1,1,0.79
0,43,0.05,0,1,0,0,37,0,0,0,0,0,0,0,0,0,0,0,0,0,29.45,11852,0,0,0,1,0,0,1,1,0,1.96,0.91,3.19,0.65,1,1,1,1.38
0,55,0.07,0,1,0,0,46,0,0,0,0,0,0,0,0,0,0,0,0,0,29.05,27551,0,0,0,1,1,0,1,1,0,3.86,0.55,1.61,0.29,1,1,1,1.88
0,24,0.04,0,0,0,0,28,0,0,0,0,0,0,1,0,0,0,0,0,1,19.1,9607,0,0,0,1,1,1,1,1,0,1.23,1.19,1.92,0.02,0,1,1,1.23
0,31,0.13,0,0,1,0,15,0,0,0,0,0,0,0,0,0,0,0,0,0,19.1,3088,0,0,0,0,0,0,1,1,0,0.71,1.59,0.81,0.06,0,1,0,0.97
0,30,0.03,0,1,0,0,19,0,0,1,0,0,0,0,0,0,0,0,0,0,16.87,8335,0,1,1,1,0,0,1,1,0,1.61,0.78,1.48,0.18,0,1,1,2.18
0,46,0.04,0,1,0,0,31,0,0,1,0,0,0,0,0,0,0,0,1,0,16.8,59781,0,1,1,1,0,1,1,1,0,1.6,0.48,3.23,0.13,0,1,1,1.13
0,43,0.05,0,1,0,0,80,0,0,0,0,0,0,0,0,0,0,0,1,0,16.77,7721,0,0,0,1,0,1,0,1,0,0.83,0.83,1.48,0.0,0,1,0,1.32
0,22,0.05,0,0,0,0,31,0,0,0,0,0,0,0,0,0,0,0,0,0,29.93,15657,0,0,0,1,0,0,1,1,0,1.94,0.47,2.88,0.1,1,1,1,1.43
0,35,0.09,0,0,0,0,35,0,0,0,0,0,0,0,1,0,0,1,0,0,13.63,17103,0,0,0,1,0,0,1,1,0,2.62,0.58,1.91,0.3,0,1,1,1.13
0,39,0.05,0,1,0,0,12,0,0,0,0,0,0,0,0,0,0,0,0,0,0.37,22010,0,0,0,1,0,0,1,1,0,1.82,0.94,1.58,0.09,1,1,1,0.76
0,22,0.05,0,0,0,0,25,0,0,0,0,0,0,0,0,0,0,0,1,0,29.08,15476,0,0,0,1,0,0,1,1,0,1.96,0.48,2.91,0.1,1,1,1,1.45
0,42,0.14,0,0,1,0,32,0,0,1,0,0,0,0,0,0,0,0,0,0,2.1,12746,0,0,1,1,0,0,1,1,0,0.36,0.2,2.14,0.49,0,0,1,0.51
0,56,0.11,0,1,0,0,54,0,0,0,0,0,0,0,0,0,0,0,0,0,10.78,26325,0,0,0,1,1,0,1,1,0,4.06,0.53,1.6,0.3,1,1,1,1.98
0,31,0.03,0,1,0,0,24,0,0,0,0,0,0,0,0,0,0,0,0,0,10.35,41025,0,0,1,1,0,0,1,1,0,0.68,0.39,1.99,0.18,1,1,1,1.09
0,42,0.05,0,1,0,0,23,0,0,0,0,0,0,0,0,0,0,0,0,0,0.0,48381,0,0,0,1,0,0,1,1,0,2.49,0.26,2.16,0.08,1,1,1,1.57
0,43,0.05,0,0,0,0,46,0,1,0,0,0,0,0,0,0,0,0,0,0,10.77,63873,0,1,0,1,0,0,1,1,0,3.7,0.52,3.06,0.35,0,1,0,1.85
0,31,0.03,0,1,0,0,26,0,1,0,0,0,0,0,0,0,0,0,0,0,0.9,53272,0,0,0,1,0,0,1,1,0,2.4,1.36,1.25,0.52,1,1,1,1.42
0,44,0.05,0,1,0,0,41,0,0,0,0,0,0,0,1,0,0,1,0,0,2.3,23650,0,0,0,1,0,0,1,1,0,1.74,0.99,1.51,0.07,1,1,1,0.74
0,41,0.02,0,1,0,0,70,0,0,0,0,0,0,0,0,0,0,0,0,0,21.0,25047,0,0,1,1,0,0,1,1,0,2.13,0.69,1.44,0.07,1,1,1,1.27
0,53,0.06,0,1,0,0,56,0,0,0,0,0,0,0,0,0,0,0,0,0,22.73,63743,0,0,0,1,0,0,1,1,0,0.72,0.58,1.92,0.32,1,1,0,1.85
0,50,0.04,0,1,0,0,39,0,0,0,0,0,0,0,0,0,0,0,0,0,2.82,51291,0,0,1,1,0,0,1,1,0,1.92,0.29,2.34,0.03,1,1,1,1.05
0,24,0.04,1,1,0,0,24,0,0,0,0,0,0,0,0,0,0,0,0,0,29.72,19335,0,0,0,1,0,0,1,1,0,2.49,0.69,3.13,0.43,0,1,1,1.15
0,29,0.17,0,0,0,0,26,1,1,0,0,0,0,0,0,0,0,0,0,0,8.1,53941,0,1,0,1,0,0,1,1,0,3.19,0.66,2.37,0.14,1,1,1,1.55
0,24,0.0,0,0,0,0,43,0,0,0,0,0,0,0,1,0,0,1,0,0,9.95,3803,0,0,0,0,0,0,0,1,0,0.05,1.45,0.26,0.0,0,1,0,0.08
0,31,0.03,0,1,0,0,61,0,0,1,0,0,0,0,0,0,0,0,0,0,15.18,12264,0,0,1,1,0,0,1,1,0,1.48,0.5,2.32,0.58,1,1,1,1.05
0,45,0.07,0,1,0,0,95,0,0,0,0,0,0,0,1,0,0,2,0,0,9.93,33476,0,0,1,1,0,0,1,1,0,2.26,0.68,2.44,0.31,1,1,0,1.26
0,45,0.07,0,1,0,0,119,0,0,0,0,0,0,0,1,0,0,2,0,0,8.42,34305,0,0,1,1,0,0,1,1,0,2.32,0.67,2.44,0.32,1,1,0,1.31
0,35,0.09,0,0,0,0,35,0,0,0,0,0,0,0,1,0,0,1,0,0,4.22,17105,0,0,0,1,0,0,1,1,0,2.62,0.58,1.91,0.3,0,1,1,1.13
0,32,0.03,0,1,0,0,59,0,0,0,0,0,0,0,0,0,0,0,0,0,14.18,58191,0,0,0,1,0,1,1,1,0,2.74,1.27,1.36,0.48,0,1,1,1.66
0,31,0.03,0,1,0,0,38,0,1,0,0,0,0,0,0,0,0,0,0,0,0.8,54472,0,0,0,1,0,0,1,1,0,2.43,1.35,1.22,0.51,1,1,1,1.45
0,32,0.03,0,1,0,0,34,0,0,0,0,0,0,0,0,0,0,0,0,0,1.93,25257,0,0,0,1,0,1,1,1,0,0.81,0.82,2.75,0.05,0,1,1,0.44
0,48,0.04,0,0,1,1,11,0,0,0,0,0,0,0,0,0,0,0,0,0,4.32,12943,0,0,1,1,0,0,1,1,0,2.06,0.93,2.4,0.04,0,1,0,1.67
0,48,0.04,0,0,1,1,11,0,0,0,0,0,0,0,0,0,0,0,0,0,4.63,12943,0,0,1,1,0,0,1,1,0,2.06,0.93,2.4,0.04,0,1,0,1.67
0,24,0.04,0,0,0,0,28,0,0,0,0,0,0,1,0,0,0,0,0,1,16.27,9607,0,0,0,1,1,1,1,1,0,1.23,1.19,1.92,0.02,0,1,1,1.23
0,31,0.13,0,0,1,0,15,0,0,0,0,0,0,0,0,0,0,0,0,0,16.28,3088,0,0,0,0,0,0,1,1,0,0.71,1.59,0.81,0.06,0,1,0,0.97
0,56,0.11,0,1,0,0,52,0,0,0,0,0,0,1,0,0,0,0,0,1,5.25,26730,0,0,0,1,1,0,1,1,0,2.48,0.4,2.73,0.3,1,1,1,1.25
0,54,0.06,0,1,0,0,27,0,0,0,0,0,0,0,0,0,0,0,0,0,28.4,32734,0,1,1,1,0,0,1,1,0,1.63,0.8,2.05,0.53,1,1,1,1.15
0,51,0.16,0,1,0,0,34,0,0,0,0,0,0,0,0,0,0,0,0,0,13.43,19121,0,1,0,1,0,0,1,1,0,1.66,0.8,1.98,0.6,0,1,1,0.88
0,32,0.03,0,1,0,0,49,0,0,0,0,0,0,0,0,0,0,0,0,0,4.85,4620,0,0,0,1,0,0,0,1,0,1.77,0.67,1.17,0.0,0,1,1,1.75
0,32,0.03,0,1,0,0,38,0,0,0,0,0,0,0,0,0,0,0,1,0,29.15,67452,0,0,1,1,0,1,1,1,0,2.88,1.15,1.36,0.42,0,1,1,1.84
0,39,0.05,0,1,0,0,40,0,0,0,0,0,0,0,1,0,0,2,0,0,1.53,27531,0,0,0,1,1,0,1,1,0,1.55,0.93,1.37,0.06,1,1,1,0.69
0,31,0.03,0,1,0,0,44,0,0,0,0,0,0,0,1,0,0,1,0,0,23.78,48067,0,0,0,1,0,0,1,1,0,2.14,1.43,1.23,0.58,1,1,1,1.23
0,34,0.24,0,1,0,0,44,0,0,0,0,0,0,0,0,0,0,0,1,0,25.28,12281,0,0,1,1,0,0,1,1,0,3.79,0.83,1.45,0.08,0,1,1,2.25
0,32,0.03,0,1,0,0,31,0,0,0,0,0,0,1,0,0,0,0,1,1,28.33,58289,0,0,1,1,0,1,1,1,0,2.77,1.24,1.41,0.48,0,1,1,1.77
0,31,0.03,0,1,0,0,35,0,1,0,0,0,0,0,0,0,0,0,0,0,0.32,64450,0,0,0,1,0,0,1,1,0,2.62,1.23,1.26,0.43,1,1,1,1.49
0,33,0.0,1,0,1,0,78,0,0,1,0,0,0,0,1,0,0,1,0,0,20.3,140235,0,1,1,1,1,0,1,1,0,0.82,0.77,0.76,0.78,0,1,0,0.88
0,47,0.02,0,0,0,0,39,0,0,0,0,0,0,0,1,0,0,1,0,0,6.88,59770,0,0,0,1,0,0,1,1,0,3.05,0.39,3.79,0.65,0,1,0,2.12
0,42,0.05,0,1,0,0,38,0,0,0,0,0,0,0,0,0,0,0,1,0,27.62,12708,0,0,0,1,0,0,1,1,0,1.46,1.05,3.4,0.03,1,1,1,1.15
0,33,0.0,1,0,1,0,78,0,0,1,0,0,0,0,1,0,0,1,0,0,28.83,301857,0,1,1,1,1,0,1,1,0,0.87,0.72,0.69,0.73,0,1,0,0.74
0,57,0.11,0,1,0,0,41,0,0,0,0,0,0,1,0,0,0,0,0,1,10.2,52210,0,1,0,1,1,0,1,1,0,4.5,0.44,1.69,0.17,1,1,1,2.07
0,30,0.03,0,1,0,0,20,0,0,0,0,0,0,0,0,0,0,0,0,0,12.62,6129,0,0,0,0,1,0,1,1,0,1.66,0.78,2.25,0.07,0,1,1,0.9
0,24,0.04,0,0,0,0,24,0,0,1,0,0,0,1,0,0,0,0,0,1,2.53,9596,0,0,1,1,1,1,1,1,0,1.23,1.21,1.9,0.03,0,1,1,1.23
0,24,0.12,1,0,1,0,36,0,0,1,0,0,0,0,0,0,0,0,0,0,1.97,1057,0,0,1,0,0,0,1,1,0,0.19,2.08,0.09,0.28,0,1,0,0.0
0,24,0.12,1,0,1,0,36,0,0,1,0,0,0,0,0,0,0,0,0,0,4.05,863,0,0,1,0,0,0,1,1,0,0.23,1.85,0.12,0.35,0,1,0,0.0
0,24,0.04,0,0,0,0,28,0,0,0,0,0,0,1,0,0,0,0,0,1,20.07,9607,0,0,0,1,1,1,1,1,0,1.23,1.19,1.92,0.02,0,1,1,1.23
0,31,0.13,0,0,1,0,15,0,0,0,0,0,0,0,0,0,0,0,0,0,20.07,3088,0,0,0,0,0,0,1,1,0,0.71,1.59,0.81,0.06,0,1,0,0.97
0,22,0.05,0,0,0,0,44,0,0,0,0,0,0,0,1,0,0,1,0,0,3.18,7289,0,0,1,1,0,0,1,1,0,5.57,0.29,1.33,0.03,1,1,0,2.14
0,35,0.09,0,0,0,0,35,0,0,0,0,0,0,0,1,0,0,1,0,0,7.08,17097,0,0,0,1,0,0,1,1,0,2.62,0.58,1.89,0.3,0,1,1,1.13
0,24,0.04,0,0,0,0,28,0,0,0,0,0,0,1,0,0,0,0,0,1,1.53,9607,0,0,0,1,1,1,1,1,0,1.23,1.19,1.92,0.02,0,1,1,1.23
0,31,0.13,0,0,1,0,15,0,0,0,0,0,0,0,0,0,0,0,0,0,1.53,3088,0,0,0,0,0,0,1,1,0,0.71,1.59,0.81,0.06,0,1,0,0.97
0,27,0.04,0,1,0,0,36,0,0,1,0,0,0,0,0,0,0,0,1,0,17.75,11532,0,0,1,1,0,1,1,1,0,3.1,0.76,1.66,0.05,0,1,1,2.55
0,27,0.04,0,1,0,0,31,0,0,0,0,0,0,0,0,0,0,0,0,0,21.92,5177,0,0,0,1,0,0,1,1,0,3.28,0.64,0.85,0.04,0,1,1,1.76
0,32,0.03,0,0,0,0,24,0,0,0,0,0,0,0,0,0,0,0,0,0,5.0,5196,0,1,0,1,0,0,1,1,0,2.31,0.79,2.6,0.21,0,1,1,1.42
0,42,0.05,0,0,0,0,29,0,0,0,0,0,0,0,0,0,0,0,0,0,22.73,69275,0,0,0,1,0,0,1,1,0,2.22,0.19,3.12,0.22,1,1,1,1.12
0,42,0.05,0,0,0,0,29,0,0,0,0,0,0,0,0,0,0,0,0,0,8.12,76232,0,0,0,1,0,0,1,1,0,2.11,0.16,3.19,0.18,1,1,1,1.05
0,40,0.05,0,1,0,0,27,0,0,0,0,0,0,0,1,0,0,1,0,0,2.3,25114,0,0,0,1,0,0,1,1,0,1.7,1.01,1.57,0.07,1,1,1,0.69
0,24,0.12,1,0,1,0,36,0,0,1,0,0,0,0,0,0,0,0,0,0,0.23,1788,0,0,1,0,0,0,1,1,0,0.22,1.45,0.28,0.17,0,1,0,0.0
0,31,0.03,0,1,0,0,32,0,1,0,0,0,0,0,0,0,0,0,1,0,15.38,53051,0,0,0,1,0,0,1,1,0,2.42,1.35,1.28,0.52,1,1,1,1.34
0,42,0.05,0,0,0,0,29,0,0,0,0,0,0,0,0,0,0,0,0,0,8.23,87551,0,0,0,1,0,0,1,1,0,2.28,0.17,3.19,0.25,1,1,1,1.17
0,24,0.04,1,1,0,0,45,0,0,0,0,0,0,0,0,0,0,0,0,0,22.73,32848,0,0,0,1,0,0,1,1,0,1.24,0.46,2.33,0.34,0,1,1,0.67
0,39,0.05,0,1,0,0,21,0,0,0,0,0,0,1,0,0,0,0,0,1,29.7,25864,0,0,0,1,0,0,1,1,0,1.71,0.92,1.49,0.12,1,1,1,0.77
0,42,0.05,0,0,0,0,29,0,0,0,0,0,0,0,0,0,0,0,0,0,8.55,54327,0,0,0,1,0,0,1,1,0,1.8,0.25,3.09,0.2,1,1,1,0.93
0,31,0.03,0,1,0,0,27,0,1,0,0,0,0,0,0,0,0,0,0,0,1.55,60499,0,0,0,1,0,0,1,1,0,2.59,1.27,1.27,0.46,1,1,1,1.45
0,33,0.06,0,0,0,0,19,0,0,0,0,0,0,0,1,0,0,1,0,0,1.43,105294,0,0,0,1,0,0,1,1,0,1.94,0.2,3.24,0.25,1,1,1,1.05
0,28,0.32,0,0,1,0,38,0,0,1,0,0,0,1,0,0,0,0,0,1,8.8,5750,0,0,1,0,0,0,1,1,0,2.43,1.46,1.15,0.03,0,1,1,2.75
0,35,0.09,0,0,0,0,35,0,0,0,0,0,0,0,1,0,0,1,0,0,23.85,17107,0,0,0,1,0,0,1,1,0,2.62,0.58,1.92,0.3,0,1,1,1.13
